나이,성별,연소득,근속연수,주거형태,신용점수,기존대출건수,연간카드사용액,부채비율,대출신청액,대출목적,상환방식,대출기간,승인여부
42,여,4500,16,전세,613,2,3140,28.5,3000,자동차,원금균등,36,1
36,남,2400,4,월세,437,3,1260,54.2,2200,주택구입,원리금균등,36,0
43,남,4900,15,월세,623,2,3210,28.2,3800,자동차,원리금균등,48,1
51,여,2500,22,자가,608,1,1720,35.7,5600,전세자금,원리금균등,36,0
35,여,3900,3,월세,549,0,1630,49.5,7300,생활비,원리금균등,24,0
35,여,4200,7,자가,694,4,750,71.1,4300,주택구입,만기일시,24,1
52,남,4300,1,전세,562,0,1130,34.0,1600,전세자금,원금균등,36,1
44,남,4600,5,자가,507,1,870,49.9,1400,자동차,원리금균등,60,1
33,남,6200,6,자가,535,2,1630,20.9,5300,생활비,원리금균등,12,1
42,남,3700,4,자가,604,0,1460,61.0,1800,사업자금,만기일시,24,1
33,남,2500,3,전세,643,3,550,57.8,4000,자동차,원리금균등,60,0
33,여,4800,4,자가,590,1,1200,17.0,3200,사업자금,원리금균등,24,1
40,여,6700,10,월세,672,0,2790,33.6,5800,자동차,만기일시,36,1
23,남,2600,0,자가,574,1,920,24.9,3800,생활비,만기일시,24,0
23,여,2900,0,월세,642,0,1240,47.2,2900,사업자금,원리금균등,36,1
32,여,4500,0,월세,389,1,1830,36.9,8400,의료비,원리금균등,36,0
28,남,2400,3,전세,592,0,1280,3.0,4500,사업자금,원리금균등,24,0
40,남,3500,6,자가,643,2,2490,31.2,3900,사업자금,원리금균등,36,1
29,남,4500,2,월세,447,1,960,31.2,2100,자동차,원금균등,48,1
25,남,4600,1,월세,480,1,960,42.2,1600,주택구입,원리금균등,48,1
51,남,6000,10,전세,541,1,3970,39.0,2600,자동차,원리금균등,36,1
35,남,2800,7,전세,504,1,1270,21.9,1400,교육비,원리금균등,36,0
38,남,7100,3,전세,547,1,4320,20.2,2500,생활비,만기일시,36,1
25,남,2300,0,월세,542,0,640,36.1,4400,교육비,원리금균등,36,0
33,여,2800,4,자가,617,1,1810,45.8,4900,주택구입,원리금균등,48,0
38,여,3900,9,전세,670,1,2740,33.0,2500,전세자금,만기일시,48,1
27,남,4700,2,전세,489,2,2490,74.2,13000,교육비,원리금균등,36,0
41,여,4900,2,전세,491,0,1040,43.1,5600,자동차,원리금균등,24,1
32,남,3800,5,월세,668,3,2610,70.9,2900,교육비,원리금균등,24,0
35,남,4200,2,전세,603,1,2620,54.3,5300,의료비,원리금균등,24,0
32,여,3000,2,자가,546,0,1800,11.9,2200,전세자금,원리금균등,60,1
54,여,5800,14,자가,665,1,990,62.2,3400,사업자금,원리금균등,48,1
37,여,1600,2,전세,523,1,1000,63.6,2500,전세자금,원리금균등,36,0
28,여,2400,3,전세,580,3,550,41.9,1600,주택구입,원리금균등,24,0
45,여,4400,3,월세,532,2,1240,48.5,3900,전세자금,원리금균등,24,0
27,남,2000,2,전세,551,0,990,52.5,2900,자동차,원리금균등,60,0
39,여,4000,6,전세,449,0,1230,36.9,3100,전세자금,원리금균등,60,1
23,남,2400,0,월세,468,2,1310,43.6,2900,자동차,원리금균등,24,0
26,여,4100,1,전세,491,2,2110,24.4,1900,자동차,만기일시,48,1
39,남,6400,7,전세,569,1,1370,20.6,6600,생활비,원리금균등,36,1
44,여,3500,14,자가,530,0,1900,20.1,3300,사업자금,원리금균등,36,1
39,남,3800,11,전세,550,0,2670,35.2,2600,전세자금,원금균등,48,1
36,남,3600,2,월세,424,0,880,37.1,1500,전세자금,원리금균등,36,0
35,남,3200,11,전세,630,0,1620,33.2,6000,자동차,원금균등,48,0
24,여,2400,1,전세,522,1,850,7.4,4700,전세자금,원금균등,12,0
31,남,2600,4,전세,409,0,1100,33.9,3000,교육비,원금균등,36,0
33,남,2400,3,월세,472,0,770,23.6,1500,자동차,원금균등,36,1
47,남,5700,11,자가,638,2,2060,40.1,6800,사업자금,원리금균등,36,1
41,여,4600,8,전세,542,0,760,20.3,2400,자동차,원금균등,36,1
23,여,1700,0,월세,461,1,1250,36.7,2100,생활비,원리금균등,24,0
40,남,5400,8,자가,588,0,2830,20.5,2900,생활비,원리금균등,36,1
34,남,2900,7,월세,591,5,1300,45.4,3600,생활비,만기일시,36,0
31,남,3500,4,전세,440,1,1330,21.2,2700,전세자금,원리금균등,48,1
43,남,5600,14,전세,670,1,2650,20.7,500,주택구입,만기일시,36,1
47,남,4700,12,자가,542,1,1770,22.3,3300,의료비,원리금균등,48,1
46,여,4800,0,자가,546,1,1750,48.7,4700,전세자금,원리금균등,24,1
30,남,2700,3,전세,539,1,1150,38.7,1900,사업자금,원리금균등,36,1
35,여,3000,6,자가,517,3,940,46.1,6500,주택구입,원금균등,12,0
40,남,3800,1,자가,461,1,980,31.3,4600,주택구입,원리금균등,24,0
46,남,3700,13,자가,579,0,1790,54.9,3700,주택구입,원리금균등,24,0
33,남,3300,4,자가,683,2,2160,41.0,1800,사업자금,원리금균등,12,1
36,여,2100,11,월세,467,0,500,19.8,3400,전세자금,원금균등,36,1
28,여,2200,1,전세,662,1,370,31.4,3500,전세자금,원리금균등,60,0
27,여,2300,2,월세,512,1,680,31.5,2800,사업자금,원금균등,24,0
45,여,3800,6,자가,570,1,2800,23.7,4600,자동차,원리금균등,48,1
50,여,4300,19,전세,551,0,2780,43.9,2500,생활비,원리금균등,24,1
37,남,3700,5,자가,500,2,1870,54.9,2600,자동차,원리금균등,48,1
47,여,5000,18,전세,599,0,3530,10.3,2100,사업자금,만기일시,36,1
41,여,4900,2,전세,475,0,2040,26.9,2300,사업자금,원리금균등,60,1
32,남,2800,4,자가,531,2,2070,66.9,2700,주택구입,원리금균등,24,1
41,남,2900,9,월세,541,3,950,60.3,2700,전세자금,원금균등,36,1
51,남,3700,15,자가,760,0,1080,58.8,2600,주택구입,원리금균등,12,1
37,여,2900,10,전세,485,0,1540,46.2,4700,의료비,원금균등,36,0
52,남,4600,13,월세,619,3,1730,34.9,6300,전세자금,원리금균등,60,1
23,여,1700,0,월세,536,0,890,24.0,1500,의료비,원리금균등,48,1
45,여,2800,5,월세,467,0,930,51.5,6200,전세자금,원리금균등,48,0
38,남,3400,2,전세,598,1,1770,34.5,4200,주택구입,원리금균등,36,0
35,여,3400,10,자가,552,0,1070,12.2,1900,전세자금,원금균등,60,1
38,남,4700,6,자가,377,1,840,40.9,2500,생활비,원금균등,36,1
23,여,1800,0,월세,570,1,1250,21.3,3400,교육비,원리금균등,24,0
36,여,2900,6,월세,469,3,1970,56.0,1300,자동차,만기일시,48,0
41,남,3100,9,자가,492,4,2270,51.7,2800,자동차,원리금균등,24,0
51,여,4600,12,전세,661,1,2660,9.4,3900,사업자금,원리금균등,12,1
33,남,2700,5,전세,524,3,1510,42.8,2000,사업자금,원금균등,24,1
30,남,3800,4,전세,631,1,1840,11.1,1400,의료비,원금균등,36,1
33,남,2000,2,전세,626,1,450,45.2,3300,주택구입,원리금균등,36,0
46,남,4100,10,전세,539,1,1080,36.8,9000,자동차,원금균등,24,0
40,여,4000,8,월세,643,0,1290,23.0,2100,사업자금,원리금균등,48,1
33,여,3200,6,자가,501,2,2180,36.6,2100,의료비,원금균등,48,1
42,여,8700,12,전세,825,1,2200,39.6,2700,자동차,원금균등,60,1
38,남,4300,4,자가,507,2,3020,52.2,6500,의료비,원금균등,36,0
46,남,3400,2,자가,626,1,1570,33.8,1300,사업자금,원리금균등,48,1
31,여,2800,3,전세,610,3,1620,29.0,4400,주택구입,원금균등,48,0
35,남,2100,6,월세,576,1,450,40.3,2300,전세자금,원금균등,24,1
34,여,3100,8,전세,517,2,960,33.2,2400,자동차,원리금균등,36,1
24,남,2000,0,전세,507,1,1450,25.4,1800,자동차,원리금균등,36,0
40,남,5400,1,전세,386,0,1670,31.2,2600,생활비,만기일시,12,0
40,남,3500,3,자가,567,0,1140,49.3,1800,전세자금,원리금균등,24,1
38,남,3800,1,월세,570,0,1020,20.7,2200,주택구입,원리금균등,36,1
35,여,2700,6,월세,567,0,610,34.9,800,교육비,원리금균등,24,1
25,여,4000,1,전세,307,1,1150,54.4,1200,생활비,원금균등,24,0
34,여,2800,6,전세,456,0,1490,39.0,3500,사업자금,만기일시,36,0
34,여,5500,2,월세,505,1,2320,47.2,5600,주택구입,원금균등,48,0
30,여,3600,4,전세,579,1,1730,9.9,15000,주택구입,원리금균등,48,0
36,남,4300,3,전세,581,2,960,71.4,4700,의료비,원금균등,36,1
41,남,4700,9,자가,578,2,2960,54.8,2300,주택구입,원금균등,36,1
54,남,6000,26,전세,740,0,3720,16.3,1100,생활비,원금균등,36,1
39,여,2000,3,자가,452,1,320,51.1,3900,생활비,원리금균등,24,0
40,남,3700,4,월세,605,1,1400,51.5,1400,전세자금,원금균등,24,1
37,남,4900,3,전세,601,0,930,45.4,2000,사업자금,원리금균등,48,1
23,여,2100,0,전세,551,1,1310,17.3,4600,주택구입,원리금균등,36,0
37,남,2500,3,월세,525,0,1480,59.9,3400,사업자금,원리금균등,48,1
38,남,3800,4,자가,704,0,2620,8.9,1800,생활비,만기일시,48,1
60,여,9200,12,자가,691,0,2680,38.6,1200,교육비,원리금균등,24,1
36,남,5400,7,전세,511,0,2280,19.0,3300,자동차,만기일시,36,1
40,남,4000,11,자가,614,1,1040,17.8,3500,의료비,원리금균등,36,1
37,여,4600,7,월세,641,0,1710,9.4,6300,의료비,원금균등,36,1
27,남,2600,1,월세,483,0,1200,26.3,800,주택구입,원리금균등,36,1
48,남,2900,1,자가,621,3,520,36.0,3100,전세자금,원리금균등,60,0
44,남,3400,17,전세,649,2,1960,19.9,4700,자동차,원금균등,48,1
45,남,7300,9,전세,430,5,3470,53.2,2400,생활비,원금균등,60,1
29,여,2500,2,월세,558,1,1610,47.9,1300,주택구입,원금균등,12,1
50,남,4600,18,자가,603,1,1440,30.0,1800,생활비,원금균등,24,1
25,남,2500,0,월세,567,1,1720,51.9,3000,전세자금,원금균등,12,0
43,여,7000,8,전세,685,1,5240,24.4,2300,사업자금,만기일시,24,1
57,남,9200,19,전세,702,1,6450,50.5,3400,주택구입,원리금균등,36,1
29,남,6100,4,전세,714,0,3760,43.0,5600,생활비,원리금균등,36,1
32,남,3200,3,자가,532,1,2030,55.5,2400,자동차,원리금균등,36,1
38,여,3800,6,월세,617,1,1870,21.3,5500,생활비,원리금균등,60,1
33,남,2200,7,전세,621,0,580,10.8,2800,의료비,원금균등,60,1
24,여,3500,0,월세,527,2,1940,23.4,3500,주택구입,원리금균등,24,0
38,여,2500,5,전세,612,1,1440,25.1,2800,사업자금,원리금균등,60,0
28,여,2800,2,월세,490,0,2070,3.6,3600,전세자금,원리금균등,36,0
42,여,2800,6,월세,524,1,1320,19.3,3900,생활비,원금균등,36,0
29,남,2600,2,월세,431,2,810,37.7,4100,전세자금,원리금균등,48,0
51,남,3900,14,월세,628,1,2180,16.8,3000,전세자금,원리금균등,12,1
30,여,2300,4,월세,569,1,1690,56.7,500,교육비,원금균등,60,1
35,남,3100,2,전세,635,0,790,51.3,4000,자동차,원금균등,48,0
45,남,3800,9,전세,646,2,1310,51.5,1100,생활비,원리금균등,60,1
26,남,3600,2,전세,523,1,1710,36.9,2200,주택구입,원금균등,60,1
40,여,2600,8,전세,471,2,650,27.2,900,주택구입,원리금균등,36,1
49,남,5200,11,자가,641,0,840,60.3,7000,생활비,만기일시,12,1
23,남,3700,0,월세,625,1,1300,19.6,3600,전세자금,원리금균등,24,0
39,남,3400,3,전세,609,1,2270,28.2,2500,의료비,만기일시,36,0
40,여,3000,5,자가,641,1,520,21.9,6000,전세자금,만기일시,24,0
45,여,3900,5,자가,547,1,1580,51.7,3900,자동차,원금균등,48,1
26,남,4000,1,월세,507,3,2420,40.7,3100,사업자금,원리금균등,24,0
26,남,3000,2,자가,481,2,2160,26.5,3600,교육비,원리금균등,60,0
42,남,3600,4,자가,551,0,2660,59.7,2400,주택구입,원리금균등,48,1
40,남,4700,7,자가,575,4,1890,53.6,1600,자동차,만기일시,24,1
40,여,2600,4,월세,562,2,1870,21.9,4800,교육비,원금균등,36,0
41,남,5100,3,월세,555,2,870,43.8,2800,생활비,만기일시,36,0
31,남,3700,4,전세,546,2,2210,29.2,1200,주택구입,원금균등,36,1
40,여,3400,3,월세,486,1,1820,54.0,3800,의료비,원리금균등,36,0
40,남,3200,8,자가,647,3,950,55.2,3000,자동차,원리금균등,12,1
31,남,2500,4,월세,551,0,1130,36.8,7000,주택구입,원리금균등,48,0
54,여,5800,7,자가,579,0,1320,35.2,3400,사업자금,원리금균등,36,1
42,남,6200,7,자가,537,1,4170,20.0,1600,전세자금,원금균등,48,1
27,여,2100,3,전세,429,1,760,27.1,1200,전세자금,만기일시,48,1
43,남,5000,1,전세,659,1,2620,24.2,5600,주택구입,원금균등,24,1
29,남,1600,2,월세,570,1,390,26.9,2900,주택구입,만기일시,12,0
45,남,3800,18,자가,498,0,1040,41.9,1900,사업자금,만기일시,48,1
48,남,4800,12,월세,669,1,3570,37.4,2000,자동차,원리금균등,60,1
30,여,2100,4,전세,614,1,1260,20.0,5700,교육비,원리금균등,36,0
46,남,3500,16,자가,624,5,2540,56.4,3700,생활비,원금균등,24,0
41,남,3400,12,전세,721,1,1110,19.8,5100,자동차,원리금균등,24,1
45,여,4500,11,전세,617,2,1110,52.7,3300,주택구입,원리금균등,24,1
55,남,5100,17,월세,522,2,2300,59.5,1900,전세자금,원리금균등,36,1
35,남,1800,3,전세,562,2,800,25.3,7300,교육비,만기일시,36,0
31,여,1500,3,전세,549,2,380,37.8,2400,전세자금,원리금균등,48,0
29,남,2600,4,전세,497,1,1530,47.7,4400,생활비,원금균등,24,0
30,남,3700,5,전세,607,2,1350,46.3,5100,생활비,원금균등,12,0
37,여,1500,6,월세,411,0,390,28.7,3000,전세자금,원금균등,36,0
41,남,3600,7,자가,650,1,1250,45.5,1700,자동차,원금균등,60,1
40,여,3100,4,월세,480,2,1510,16.2,2100,의료비,원금균등,36,1
45,여,6300,12,전세,544,1,3690,22.5,4200,자동차,원리금균등,60,1
38,여,3100,1,전세,526,3,1360,48.4,3900,교육비,원리금균등,36,0
51,남,5700,6,월세,621,4,2650,29.4,5700,자동차,만기일시,24,0
35,남,3800,5,전세,576,2,880,34.7,5300,교육비,원리금균등,24,0
62,여,3000,16,자가,550,1,2090,33.3,1800,생활비,원금균등,48,1
43,남,5500,8,자가,554,0,3880,41.3,6100,교육비,원리금균등,36,1
30,남,3400,2,자가,453,0,1900,3.0,1700,전세자금,원리금균등,36,1
28,여,3000,0,월세,512,0,480,13.7,4000,교육비,만기일시,48,0
42,남,13900,13,전세,790,1,6560,39.9,10000,생활비,원금균등,48,1
35,남,1900,3,월세,533,0,1000,26.4,3500,자동차,원리금균등,12,0
44,남,7500,9,자가,688,0,5600,50.5,1200,자동차,만기일시,48,1
42,남,3900,14,자가,725,0,2910,21.6,2500,의료비,원금균등,36,1
37,여,3700,8,자가,529,0,2450,57.0,8800,자동차,원리금균등,36,0
30,남,3100,6,전세,546,4,580,38.4,2700,전세자금,원금균등,36,1
24,남,2300,0,월세,696,0,1660,29.5,5800,사업자금,원리금균등,36,0
33,남,2900,3,전세,659,0,1500,64.2,1800,주택구입,원금균등,24,1
45,여,4600,15,자가,487,1,2900,27.1,2500,생활비,원리금균등,36,1
39,남,2500,6,월세,585,1,980,34.5,2600,주택구입,원리금균등,36,1
26,남,3500,0,월세,535,0,1190,34.1,7900,주택구입,원금균등,36,0
39,여,3200,13,자가,663,5,1360,64.6,2500,전세자금,만기일시,12,0
41,여,2700,4,월세,487,1,640,51.9,1100,교육비,원금균등,24,0
30,남,2800,3,전세,475,2,1010,41.6,9800,교육비,원리금균등,24,0
39,남,5800,6,자가,533,3,3850,55.2,3300,생활비,만기일시,36,0
38,남,3300,8,자가,527,2,570,38.7,4100,생활비,원금균등,60,0
27,남,3200,1,전세,602,0,760,30.2,1300,주택구입,원금균등,24,1
41,여,3000,1,자가,440,1,670,50.1,3400,주택구입,원리금균등,36,0
43,남,5500,10,자가,555,1,2150,46.7,3000,생활비,만기일시,36,1
47,여,5300,11,자가,464,2,3960,36.5,1800,전세자금,만기일시,48,1
47,남,8200,3,전세,677,0,2080,48.5,4100,사업자금,원금균등,12,1
25,남,2600,1,월세,632,1,610,29.6,1200,사업자금,만기일시,24,1
29,남,3800,0,월세,511,2,2650,26.5,1800,전세자금,원리금균등,24,0
42,남,4400,10,자가,570,2,2980,59.9,5400,주택구입,만기일시,60,0
42,여,5700,2,자가,603,0,960,40.3,2000,자동차,원리금균등,36,1
42,남,3400,9,자가,696,0,2040,15.8,2300,자동차,원리금균등,24,1
65,남,7900,21,자가,716,2,4290,55.4,3100,주택구입,원금균등,24,1
43,남,4100,8,전세,525,1,2500,43.7,2400,생활비,원금균등,24,1
48,여,4300,19,전세,508,2,1920,20.2,4200,주택구입,원리금균등,24,1
46,남,4800,0,전세,458,2,3570,34.7,3200,생활비,원리금균등,48,0
43,남,4700,12,전세,612,2,820,44.1,1400,전세자금,원리금균등,36,1
35,여,3100,5,전세,503,0,900,46.4,2000,생활비,원리금균등,36,1
44,여,4300,13,자가,623,1,1660,49.6,1900,전세자금,원리금균등,36,1
31,남,5300,6,전세,538,2,2220,51.3,2300,주택구입,원리금균등,36,1
35,남,4900,5,전세,489,1,3440,21.2,3100,자동차,원리금균등,24,1
33,여,4000,4,자가,465,3,1940,48.0,3400,생활비,만기일시,36,0
38,여,3000,11,전세,709,2,530,28.4,900,사업자금,원금균등,48,1
58,여,4000,9,자가,656,3,1570,67.6,5000,생활비,원리금균등,24,1
23,여,2900,0,자가,667,0,1150,43.6,2800,생활비,만기일시,36,1
44,남,5800,10,월세,651,1,4220,24.7,1700,교육비,원금균등,60,1
23,남,4000,0,월세,505,1,2030,21.4,4800,사업자금,원리금균등,24,0
33,남,2900,1,자가,639,0,1540,37.5,1000,생활비,원리금균등,60,1
47,남,4400,2,자가,551,0,2540,9.5,1300,사업자금,원리금균등,12,1
38,여,2100,4,월세,558,2,1280,33.3,8600,사업자금,원리금균등,36,0
28,남,2700,2,전세,533,1,1430,41.2,3200,전세자금,원리금균등,36,1
31,남,4400,4,전세,328,3,1280,57.5,2000,전세자금,원리금균등,36,0
44,남,3900,4,자가,687,1,2630,48.6,3100,교육비,원리금균등,12,1
31,남,4000,0,자가,579,4,2350,57.6,2700,주택구입,원금균등,48,0
39,여,3400,14,월세,630,1,2020,58.1,3000,전세자금,원리금균등,60,1
38,남,4300,4,월세,558,1,3210,50.1,3800,주택구입,원금균등,24,0
32,여,2100,6,자가,564,3,1320,45.1,2700,자동차,원금균등,60,0
57,남,5800,6,자가,540,0,3750,50.1,3500,교육비,만기일시,36,1
43,여,1600,7,자가,600,1,1150,20.1,2700,교육비,원리금균등,60,0
23,여,2000,0,자가,415,3,480,44.9,1900,자동차,만기일시,24,0
39,남,2400,13,월세,603,0,1070,29.2,1700,의료비,원금균등,48,1
32,여,4300,2,전세,597,4,2140,63.3,5800,사업자금,원금균등,12,0
45,남,5700,2,전세,551,0,1980,12.3,4100,자동차,원금균등,60,1
30,여,3200,5,월세,586,3,2090,50.5,5000,의료비,원리금균등,48,0
36,남,5900,4,월세,499,0,3580,5.1,3000,생활비,만기일시,36,0
42,남,3200,14,월세,524,2,1860,44.1,3300,사업자금,원리금균등,24,0
45,남,7700,13,자가,660,1,5760,16.3,2700,자동차,원금균등,48,1
27,여,3300,2,전세,597,1,1000,57.0,5300,교육비,원리금균등,36,0
34,여,2900,6,전세,409,1,1710,39.2,2500,교육비,원리금균등,36,0
33,여,4300,2,전세,594,1,2060,51.3,1800,교육비,원금균등,36,1
32,여,2100,2,월세,487,1,700,41.7,3800,의료비,만기일시,48,0
53,남,4100,12,전세,585,0,1010,18.0,2700,전세자금,원리금균등,36,1
41,남,3500,11,월세,482,4,2400,37.3,3300,생활비,만기일시,12,0
26,남,2400,1,전세,460,1,1210,40.8,4200,생활비,원금균등,60,0
46,남,3400,1,월세,616,0,2190,30.4,2200,전세자금,원리금균등,36,1
57,남,8100,17,자가,668,1,3860,27.7,2600,전세자금,원리금균등,36,1
47,남,4400,8,월세,553,1,1240,57.8,2500,전세자금,원금균등,24,1
24,여,2500,0,전세,515,1,880,31.3,5700,전세자금,원리금균등,60,0
33,남,2900,3,전세,583,0,1090,9.9,3000,교육비,원리금균등,24,1
49,남,2800,9,전세,608,1,2050,54.7,3200,주택구입,원리금균등,36,0
31,남,3600,3,전세,544,2,550,50.1,1600,교육비,원리금균등,60,1
41,여,2100,11,전세,663,3,1550,57.6,4300,교육비,원금균등,12,0
44,남,4300,3,월세,635,1,3170,37.0,3700,전세자금,원리금균등,48,0
29,남,2000,2,전세,563,0,1490,12.6,1900,전세자금,원리금균등,36,0
37,남,7000,2,전세,584,1,3050,63.4,7800,자동차,원리금균등,48,1
23,남,3400,0,자가,586,1,2470,19.0,3500,자동차,원리금균등,36,1
28,여,2700,2,월세,562,1,1040,24.2,2100,주택구입,원리금균등,48,1
35,남,5300,2,전세,647,1,870,31.4,2900,생활비,원금균등,24,1
26,여,1900,1,전세,595,0,540,17.0,2400,주택구입,원금균등,12,0
52,남,6100,14,자가,549,0,4370,53.5,6400,생활비,원리금균등,60,1
25,여,2500,0,월세,438,0,390,32.2,4700,주택구입,원리금균등,12,0
34,남,3800,4,자가,501,2,1810,21.6,3700,주택구입,원리금균등,48,0
39,남,5900,1,자가,642,0,1150,13.9,7000,사업자금,원리금균등,24,1
50,여,5700,5,전세,455,2,1830,23.8,1700,의료비,원금균등,36,1
25,남,3000,0,전세,561,2,600,21.8,4400,사업자금,원리금균등,48,0
48,여,2700,7,자가,591,3,1790,29.4,3900,교육비,원리금균등,24,0
38,남,2900,1,전세,627,1,1460,31.4,2600,자동차,원금균등,60,1
29,남,3000,1,자가,549,4,2070,80.2,2600,자동차,원리금균등,36,0
42,남,4400,6,자가,466,0,2470,21.8,4700,전세자금,원금균등,36,1
39,여,2500,11,자가,503,1,1830,13.3,4500,주택구입,원리금균등,48,0
32,남,7000,5,전세,500,1,3190,64.3,1400,교육비,원리금균등,36,1
38,남,6200,6,전세,548,2,3300,40.3,7400,교육비,원금균등,36,0
34,여,3800,6,월세,553,0,1880,43.7,5300,전세자금,원금균등,48,0
39,남,4100,11,전세,502,3,1800,41.7,2600,생활비,원리금균등,36,1
43,여,3700,3,자가,669,0,2430,32.6,2000,자동차,원금균등,24,1
52,남,3900,21,자가,537,1,2090,16.7,5200,주택구입,원금균등,48,0
26,여,2500,2,전세,642,2,1570,42.6,3800,생활비,만기일시,48,0
57,남,6100,20,월세,755,1,3790,35.5,4200,자동차,원금균등,36,1
23,남,1700,0,전세,588,2,440,40.6,3900,전세자금,만기일시,36,0
36,여,3700,3,전세,496,1,1990,44.2,5500,사업자금,원리금균등,48,0
43,여,3800,13,자가,630,1,1020,62.1,4600,교육비,원리금균등,36,1
40,여,2100,7,전세,453,2,1040,74.7,2200,전세자금,원리금균등,36,0
32,남,2600,4,전세,618,0,1440,18.4,2200,전세자금,원리금균등,60,1
36,여,2900,9,전세,568,1,2170,28.3,3500,주택구입,원리금균등,24,0
33,남,6100,3,월세,543,2,1020,38.1,9400,주택구입,원금균등,36,0
32,여,3500,5,전세,462,0,710,21.2,2700,자동차,원리금균등,60,1
45,여,2800,16,자가,409,0,540,29.4,3500,전세자금,원금균등,48,0
41,남,4800,14,자가,534,1,1860,75.1,4600,생활비,원리금균등,60,1
31,여,1800,2,전세,617,1,1150,42.9,2400,생활비,원리금균등,36,0
46,남,6400,7,전세,566,5,4200,37.5,4400,전세자금,원리금균등,24,1
40,남,3500,10,전세,571,0,2070,47.0,3000,전세자금,원리금균등,60,1
45,남,4400,17,전세,681,0,3020,5.0,5600,사업자금,원리금균등,36,1
43,남,6500,4,전세,729,2,2230,33.1,1800,전세자금,원금균등,48,1
30,남,2100,4,월세,647,3,420,39.1,9500,생활비,원리금균등,24,0
32,여,1900,3,전세,456,2,350,37.8,2500,전세자금,원리금균등,48,0
44,여,3400,15,전세,453,1,2240,29.0,3800,교육비,원금균등,36,0
43,여,5400,4,자가,762,0,3170,7.6,3000,생활비,원리금균등,24,1
37,남,2400,10,전세,755,3,1360,62.5,1700,사업자금,원리금균등,36,1
39,여,1500,10,월세,580,1,530,51.0,4500,사업자금,원리금균등,48,0
49,남,4300,8,자가,481,0,1620,34.8,2600,자동차,원리금균등,12,1
32,남,4000,1,월세,622,1,2890,25.1,3900,생활비,원금균등,36,0
42,남,6100,10,전세,602,0,1140,52.0,2000,의료비,만기일시,36,1
36,남,3200,5,자가,547,1,1960,39.3,2600,사업자금,원금균등,24,0
36,여,2900,1,전세,605,3,970,81.9,2500,교육비,원리금균등,48,0
47,남,6700,17,자가,678,1,1160,17.7,3900,주택구입,원금균등,36,1
45,남,2600,7,월세,466,2,1540,40.5,3400,자동차,원리금균등,24,0
45,여,3700,15,월세,586,2,1280,42.6,2700,자동차,원리금균등,36,1
49,여,4800,13,자가,665,1,2790,53.2,2400,전세자금,원리금균등,48,1
38,남,4500,10,자가,635,0,2580,12.4,3500,전세자금,원금균등,60,1
44,남,3800,0,전세,558,1,1780,38.1,3300,사업자금,원금균등,24,0
35,남,3700,5,전세,636,2,2280,41.1,3100,생활비,원금균등,36,1
40,남,1900,14,자가,560,1,940,17.3,8000,자동차,원금균등,12,0
36,남,3000,3,전세,559,0,960,19.3,3900,생활비,원리금균등,48,1
38,남,4500,6,전세,304,0,2650,36.5,7800,생활비,원리금균등,36,0
43,남,3200,3,자가,511,1,1610,43.6,2800,사업자금,원금균등,48,1
30,여,2800,6,월세,619,1,440,13.2,2900,생활비,원금균등,36,1
56,남,6300,10,월세,581,2,4350,20.3,2300,의료비,원금균등,48,1
28,남,2700,2,월세,499,1,1280,25.6,3400,교육비,원리금균등,36,0
27,남,3100,2,월세,457,0,2080,38.2,2500,사업자금,원금균등,60,0
48,남,3600,13,자가,681,1,2440,22.9,2300,자동차,원리금균등,12,1
45,남,4300,5,자가,611,0,1790,30.4,1100,교육비,원금균등,36,1
43,남,5200,10,자가,668,0,2360,57.6,6200,주택구입,원리금균등,48,1
43,남,4600,8,전세,447,1,1830,52.1,2400,교육비,만기일시,36,1
37,남,3200,1,월세,524,0,1340,23.3,6200,생활비,원리금균등,12,0
29,남,3300,0,월세,510,1,2260,61.9,2800,전세자금,원금균등,60,0
38,여,4300,7,월세,555,2,2670,32.4,4100,사업자금,원금균등,24,0
31,남,1700,0,전세,467,3,380,22.2,3100,자동차,원리금균등,24,0
46,여,6000,8,자가,572,3,3090,77.3,3600,생활비,원리금균등,36,1
36,여,3000,2,전세,607,0,2240,30.4,1800,주택구입,원금균등,36,1
30,남,3600,3,자가,397,2,1820,27.0,5400,사업자금,원리금균등,48,0
35,남,5200,7,자가,729,3,3230,65.1,2400,주택구입,원리금균등,36,1
41,남,2700,10,전세,615,2,1650,34.4,4700,자동차,만기일시,36,0
32,남,2700,5,전세,548,1,970,15.4,1400,사업자금,원금균등,36,1
30,남,2900,3,전세,616,1,1080,27.4,2000,주택구입,원리금균등,36,1
40,남,3200,10,전세,465,0,1870,9.8,3600,생활비,원금균등,60,1
40,남,6900,8,자가,555,2,3100,62.7,2700,사업자금,원리금균등,60,1
33,여,2300,3,전세,528,0,1130,44.5,3700,전세자금,원금균등,36,0
33,여,2600,0,전세,635,1,1500,30.5,3300,생활비,원금균등,12,1
40,여,3900,12,자가,595,1,2400,31.2,7400,주택구입,원금균등,60,0
24,남,1800,1,월세,559,2,560,44.1,3900,주택구입,원리금균등,24,0
25,여,2100,0,전세,473,0,490,36.8,2400,생활비,원금균등,24,0
31,여,3200,2,전세,580,3,1040,41.4,2400,전세자금,원리금균등,24,1
36,여,3000,0,월세,664,1,1360,26.1,5400,자동차,원리금균등,24,0
40,남,4000,5,월세,644,0,1420,53.4,1300,사업자금,원금균등,48,1
51,여,4000,11,월세,588,0,1960,43.1,3900,자동차,원리금균등,36,0
45,남,2900,4,자가,603,1,520,35.8,1700,생활비,원금균등,60,1
36,여,3700,2,자가,593,4,1680,46.1,5200,전세자금,원금균등,24,0
37,남,6500,5,전세,630,1,2410,21.3,2400,사업자금,원리금균등,36,1
28,여,2600,2,전세,624,0,1220,10.6,3900,사업자금,원리금균등,60,1
37,여,3700,3,월세,640,1,1490,40.9,3000,사업자금,원금균등,48,0
35,남,4500,8,전세,574,3,1440,27.5,1400,자동차,만기일시,48,1
40,여,2500,0,자가,576,1,1730,16.6,4100,사업자금,원금균등,24,0
30,여,4700,5,자가,541,1,1220,21.3,2000,생활비,원금균등,48,1
42,여,4100,4,자가,487,1,2290,53.8,4400,사업자금,원리금균등,36,0
51,여,7700,10,전세,605,0,5420,29.6,1800,자동차,원리금균등,36,1
37,여,2700,6,월세,550,1,1270,38.1,3300,의료비,원금균등,36,0
41,여,6500,7,월세,467,1,4390,59.6,3000,사업자금,원리금균등,36,1
44,남,5600,7,월세,659,1,1250,15.3,2200,사업자금,만기일시,48,1
34,남,4200,3,자가,335,0,1870,30.5,5900,전세자금,원리금균등,48,0
40,남,4400,6,자가,791,2,1860,17.9,3000,교육비,원리금균등,12,1
38,여,3200,9,자가,697,0,490,46.9,2400,의료비,원금균등,36,1
38,남,5600,8,전세,575,1,2320,55.1,3400,자동차,원금균등,48,1
31,여,3000,1,월세,535,1,1110,29.5,1400,사업자금,원금균등,24,1
38,여,1900,11,전세,598,1,1040,30.7,10200,생활비,만기일시,36,0
42,남,3000,2,전세,492,1,2130,58.8,1700,자동차,만기일시,24,0
51,여,4400,18,전세,649,4,880,45.6,3900,자동차,만기일시,36,0
46,여,4600,12,자가,594,0,1590,24.8,3000,자동차,원금균등,60,1
57,남,5500,4,자가,567,0,2290,32.2,5400,생활비,원금균등,24,1
31,남,4700,5,전세,586,1,1980,16.7,3200,사업자금,원금균등,36,1
45,남,2500,11,전세,474,0,1530,21.6,2100,주택구입,원리금균등,48,1
39,남,4200,7,자가,580,1,1740,50.1,1100,자동차,원리금균등,12,1
57,남,3200,8,전세,585,0,530,18.3,1200,주택구입,원리금균등,60,1
30,여,3500,3,월세,560,0,2010,17.7,2600,사업자금,원리금균등,36,1
30,여,2700,1,전세,514,1,1830,34.0,5900,주택구입,원리금균등,60,0
32,여,3400,3,월세,640,2,1550,29.3,1300,생활비,원리금균등,12,1
23,남,2000,0,전세,491,0,990,16.1,7500,사업자금,만기일시,24,0
33,여,4500,8,전세,603,1,1110,19.1,5100,생활비,원금균등,36,1
31,남,4500,3,월세,663,1,1270,39.0,1500,사업자금,원리금균등,36,1
39,남,4800,5,월세,566,0,1390,21.6,1700,교육비,원리금균등,48,1
41,남,4000,9,자가,602,2,1630,30.1,1800,의료비,원금균등,12,1
54,여,5900,24,자가,671,2,4170,46.6,3400,주택구입,원금균등,36,1
46,남,3700,5,자가,660,3,1710,80.6,2900,자동차,만기일시,24,1
32,남,4400,5,자가,548,0,1160,28.0,2800,주택구입,만기일시,48,1
29,남,5100,2,월세,663,3,1570,46.1,2300,교육비,만기일시,48,0
42,여,5300,7,월세,579,1,2010,55.6,3200,자동차,원리금균등,36,1
26,남,2300,0,전세,454,1,1200,61.6,4500,생활비,원리금균등,24,0
54,여,5500,15,자가,684,3,2270,28.9,2800,전세자금,원금균등,36,1
48,여,3000,14,자가,575,0,1150,29.4,2100,주택구입,원리금균등,24,1
33,여,3600,7,전세,620,1,1750,55.4,4900,자동차,원금균등,24,0
23,남,2900,0,전세,310,1,850,48.9,2600,전세자금,원리금균등,36,0
50,남,2800,9,자가,573,2,550,35.6,3900,사업자금,원금균등,60,1
36,여,2300,2,월세,496,2,370,54.0,2800,사업자금,원리금균등,60,0
49,여,4100,1,자가,460,3,1230,24.2,5100,의료비,원리금균등,36,0
23,남,2300,0,월세,478,1,470,34.4,5500,의료비,원금균등,36,0
32,여,2000,4,월세,494,0,700,58.0,5400,전세자금,만기일시,60,0
38,여,3900,6,전세,565,1,2390,33.4,2200,자동차,원리금균등,36,1
38,여,3800,3,전세,443,3,2200,36.9,2200,자동차,만기일시,36,0
33,남,3300,0,전세,558,2,1700,75.2,4600,교육비,원금균등,60,0
43,여,3100,16,전세,720,0,2050,45.0,2900,생활비,원금균등,24,1
28,여,3600,4,전세,578,2,1140,26.3,2900,주택구입,원금균등,12,1
36,여,5500,10,전세,669,3,3740,44.8,2100,주택구입,원금균등,36,1
39,남,3400,12,월세,681,1,1320,37.6,6000,전세자금,원리금균등,12,0
42,남,3500,8,전세,673,1,1360,51.8,5000,생활비,원리금균등,36,1
44,남,5200,5,자가,726,2,2040,83.9,2800,전세자금,만기일시,36,1
27,여,2200,1,전세,487,3,450,47.5,2100,사업자금,원금균등,36,0
24,남,2500,0,자가,467,2,1830,40.7,2100,전세자금,원리금균등,60,0
49,여,5600,7,자가,653,2,1300,29.7,3200,사업자금,원금균등,24,1
40,남,2300,8,전세,619,1,810,68.1,3600,생활비,원리금균등,36,1
31,남,4900,1,자가,616,0,1670,61.1,1900,교육비,원리금균등,24,1
51,남,5200,12,자가,763,0,1010,39.6,1600,의료비,원리금균등,36,1
39,남,3500,2,월세,545,1,840,66.1,3100,사업자금,원리금균등,48,0
48,남,4700,10,자가,631,2,830,37.0,4600,교육비,원리금균등,36,1
38,여,3500,6,월세,486,1,1130,49.6,3100,생활비,원리금균등,24,1
56,남,3300,24,전세,823,0,2210,20.4,2600,자동차,원금균등,36,1
53,여,7600,4,자가,569,3,2680,68.4,1700,생활비,원리금균등,36,1
35,남,3700,3,월세,527,3,820,46.1,2100,전세자금,원리금균등,24,0
46,여,4800,6,전세,550,3,2570,34.0,4600,주택구입,원리금균등,36,0
43,여,5300,11,자가,556,1,3960,54.1,1600,사업자금,원리금균등,36,1
50,남,3700,13,자가,543,1,1070,13.9,7200,주택구입,원리금균등,60,1
29,여,3100,3,월세,504,0,980,49.5,3100,사업자금,원리금균등,48,0
44,남,4100,9,월세,476,1,3000,40.3,1300,주택구입,원리금균등,48,1
47,남,6100,4,전세,518,0,1560,54.9,3800,교육비,원금균등,60,1
23,여,1500,0,전세,670,1,680,21.8,3700,사업자금,원리금균등,48,0
27,여,2400,2,월세,592,3,700,47.5,2400,주택구입,원리금균등,60,0
23,남,2100,0,전세,595,2,1480,36.1,4700,주택구입,원리금균등,12,0
35,여,3700,3,전세,646,2,2730,44.8,2200,교육비,원리금균등,36,1
44,남,5100,1,전세,702,0,3250,26.4,4100,전세자금,원금균등,48,1
51,남,4100,5,전세,424,0,1380,42.0,2900,전세자금,원리금균등,36,1
38,남,3100,8,월세,472,1,1210,29.4,2600,사업자금,원리금균등,24,1
52,남,5000,6,전세,515,0,1470,33.1,5800,주택구입,원리금균등,36,0
25,남,2100,2,월세,493,1,1430,19.8,4900,주택구입,원금균등,36,0
23,남,3300,0,전세,508,1,2300,64.7,1700,전세자금,원리금균등,24,1
37,여,3000,5,월세,519,1,1200,16.3,3600,주택구입,원금균등,36,1
41,여,1500,11,월세,587,1,810,26.9,7700,주택구입,원리금균등,36,0
37,남,3400,7,자가,571,2,840,51.8,5900,생활비,원리금균등,60,0
23,남,1900,0,전세,461,3,780,68.6,1900,주택구입,원금균등,48,0
37,남,2300,11,전세,403,1,1210,24.8,6600,주택구입,원금균등,48,0
26,남,1900,1,월세,444,0,720,39.4,4700,의료비,원금균등,60,0
44,남,4600,0,전세,502,3,1670,24.1,1700,사업자금,원리금균등,36,1
41,남,6200,9,자가,587,1,930,38.7,3300,자동차,원리금균등,36,1
29,남,3400,4,월세,463,0,2150,54.7,3800,생활비,원리금균등,12,0
33,여,2500,1,자가,490,0,1700,48.1,1700,생활비,원금균등,60,1
28,남,3400,4,월세,463,1,2480,22.1,4200,자동차,원금균등,12,0
37,여,3000,12,전세,579,2,1740,47.9,10100,사업자금,원리금균등,48,0
46,남,3700,13,자가,516,0,1770,24.7,5900,생활비,원금균등,36,1
29,남,2200,0,전세,454,3,680,29.6,3200,전세자금,원금균등,60,0
42,남,2500,8,자가,460,1,1870,26.7,2600,전세자금,원리금균등,36,1
33,여,2700,2,전세,524,3,1360,39.7,3500,교육비,만기일시,48,0
30,여,2900,4,전세,479,1,1620,26.9,1800,생활비,원금균등,24,1
37,남,3700,2,자가,619,0,2060,33.4,2300,사업자금,원리금균등,24,1
28,여,2300,4,전세,575,2,1510,32.5,1100,자동차,만기일시,36,1
33,남,2600,4,자가,540,0,400,12.8,3700,의료비,원리금균등,60,1
27,여,3000,1,월세,471,1,840,35.5,2500,자동차,원금균등,36,0
55,여,3400,8,전세,604,0,1860,53.2,4000,주택구입,원금균등,60,1
38,여,4400,4,자가,619,0,3020,33.2,3100,자동차,원리금균등,48,1
31,남,2400,3,전세,550,2,1340,41.8,1800,자동차,원리금균등,48,1
39,남,3200,0,자가,660,1,1270,30.8,3300,자동차,만기일시,36,1
36,여,2100,7,월세,592,1,770,28.0,2000,자동차,원리금균등,36,1
36,여,2800,4,월세,621,3,1650,42.4,6800,교육비,원리금균등,24,0
43,여,5300,11,전세,618,1,3150,35.1,1900,생활비,원리금균등,60,1
44,여,4700,13,월세,666,1,2410,42.5,2300,생활비,만기일시,60,1
33,남,4600,6,월세,512,0,1490,36.8,1800,자동차,만기일시,48,1
32,남,3900,4,월세,522,2,2740,33.4,1700,주택구입,원리금균등,24,1
35,여,2300,6,전세,580,3,1100,40.4,3000,생활비,만기일시,24,0
23,여,1900,0,전세,546,1,1180,28.6,1600,전세자금,원리금균등,60,0
24,남,2100,0,전세,561,4,580,68.2,2700,자동차,만기일시,12,0
50,남,7400,13,자가,727,0,2630,45.1,3700,생활비,원금균등,48,1
52,남,3600,15,전세,497,0,2420,22.8,2400,사업자금,원리금균등,36,0
35,여,4200,10,자가,514,1,750,22.8,900,생활비,원리금균등,36,1
43,남,5700,17,자가,660,1,2600,30.5,5800,생활비,원리금균등,48,1
40,여,6400,1,전세,511,3,2800,57.0,3400,주택구입,원리금균등,12,0
65,남,5600,26,자가,900,0,3360,14.4,3400,생활비,원금균등,36,1
48,남,6000,4,전세,621,2,1910,32.2,2600,교육비,원리금균등,60,1
36,여,6600,5,월세,584,0,1850,49.8,4400,교육비,만기일시,48,1
29,여,2200,1,월세,485,0,1550,22.1,4700,자동차,원금균등,48,0
23,여,1500,0,월세,476,3,730,72.6,5000,주택구입,원금균등,48,0
39,여,2000,1,전세,527,2,420,45.3,3400,전세자금,원리금균등,12,0
31,여,3600,5,전세,569,4,950,41.9,1500,생활비,만기일시,24,1
25,여,1500,1,전세,483,2,1120,39.9,3600,주택구입,원금균등,36,0
32,남,3000,8,월세,548,1,800,34.8,3400,전세자금,만기일시,36,1
28,남,3400,3,전세,656,2,1750,33.4,2200,자동차,만기일시,36,1
53,여,5100,3,자가,676,2,2050,27.7,2000,생활비,원리금균등,48,1
45,남,5200,14,전세,642,2,3540,22.7,3900,주택구입,원리금균등,12,1
37,여,3600,3,자가,443,1,2170,19.5,2800,교육비,원금균등,48,1
51,남,7500,12,자가,678,1,3810,22.6,2400,전세자금,만기일시,12,1
38,여,2600,2,자가,660,2,400,44.5,6900,의료비,원금균등,12,0
30,남,2600,6,자가,665,1,1760,43.7,4100,의료비,원리금균등,36,0
51,남,4000,7,자가,633,4,1660,61.1,3700,전세자금,원금균등,48,1
42,남,5500,4,자가,688,2,3890,35.7,5500,주택구입,원리금균등,24,1
28,남,3900,4,월세,563,2,1740,18.7,3500,자동차,원리금균등,36,1
36,여,3800,3,월세,603,1,2150,42.8,2100,생활비,원리금균등,48,1
30,남,4600,5,전세,516,1,880,61.4,2400,주택구입,원리금균등,24,1
25,여,1600,1,월세,544,1,950,32.7,4300,자동차,원리금균등,36,0
46,여,7000,7,자가,711,1,2460,47.8,4100,전세자금,만기일시,60,1
55,여,8000,3,자가,547,3,2880,56.6,3700,주택구입,원금균등,36,1
25,남,3400,1,전세,470,0,750,52.5,1600,사업자금,만기일시,24,1
43,여,6800,16,전세,655,2,1610,55.3,4500,자동차,원금균등,36,1
32,남,2000,4,전세,521,0,520,20.3,2900,생활비,원리금균등,36,1
33,남,2900,8,전세,620,0,1000,26.7,4000,주택구입,원금균등,12,1
32,남,2700,2,월세,500,0,1840,51.8,1900,주택구입,만기일시,12,0
30,남,4000,3,전세,692,0,1480,12.5,8000,주택구입,만기일시,24,0
38,남,2800,4,전세,444,3,1630,61.4,3300,자동차,원금균등,24,0
30,여,3500,5,월세,660,3,690,24.6,2400,자동차,원리금균등,24,1
40,여,5600,5,자가,519,2,2820,34.3,4100,사업자금,원리금균등,36,1
37,여,4200,6,전세,428,3,1840,26.2,4600,생활비,원리금균등,36,0
35,여,3500,7,월세,589,1,2570,22.3,4100,생활비,만기일시,60,0
29,여,2000,5,월세,524,1,1310,61.1,1800,주택구입,원리금균등,36,0
32,여,2300,7,자가,469,2,970,46.1,5300,주택구입,만기일시,60,0
44,남,6500,1,자가,435,1,3990,35.0,2500,생활비,원리금균등,36,1
42,남,5400,11,전세,608,0,1430,40.9,2900,전세자금,원금균등,12,1
29,여,2700,2,전세,615,1,1310,26.5,900,생활비,원리금균등,36,1
38,남,3400,7,자가,615,1,660,25.3,2300,자동차,원리금균등,48,1
44,여,2200,10,월세,576,0,780,17.3,2300,자동차,원리금균등,24,1
23,남,1800,0,월세,556,2,510,49.5,3700,사업자금,원금균등,12,0
42,남,7600,10,전세,623,3,4410,49.8,2300,생활비,원리금균등,36,1
32,남,2300,2,전세,418,2,1020,70.6,1300,교육비,원금균등,36,0
43,여,4200,2,월세,438,5,2520,66.6,3300,의료비,원리금균등,36,0
31,남,4400,5,자가,552,3,2020,32.9,2600,주택구입,원금균등,24,1
23,남,1700,0,전세,504,2,340,39.7,2000,자동차,원리금균등,24,0
23,남,2700,0,월세,595,5,1590,60.5,3100,교육비,원금균등,48,0
38,남,5200,5,월세,637,1,3370,30.9,1200,전세자금,원리금균등,36,1
40,남,4100,13,자가,654,1,2830,41.6,4000,주택구입,원금균등,36,1
29,여,6400,3,월세,556,0,3150,6.4,2700,전세자금,원리금균등,36,1
43,여,2400,13,전세,478,1,1440,69.5,2600,전세자금,원금균등,36,0
23,여,3000,0,전세,562,2,1800,34.1,4800,전세자금,만기일시,24,0
37,남,3600,4,전세,598,0,870,47.9,2200,교육비,원리금균등,36,1
27,남,3700,1,전세,350,3,910,21.9,3400,자동차,원리금균등,12,0
32,여,3400,4,월세,487,2,650,48.9,2800,주택구입,원금균등,36,0
38,남,3100,12,월세,535,0,1060,19.5,14900,사업자금,원금균등,36,0
30,남,3400,2,전세,553,1,1470,18.4,3800,사업자금,원리금균등,24,0
34,남,2000,5,월세,480,0,1490,39.6,1600,생활비,원리금균등,24,0
47,남,5700,12,월세,613,3,2320,40.4,7200,주택구입,원리금균등,24,0
32,남,3700,2,전세,530,1,2160,29.9,5000,교육비,원리금균등,12,0
45,여,5000,16,전세,617,2,2830,19.5,3000,사업자금,원리금균등,36,1
27,남,4000,1,전세,487,0,1090,37.4,2400,주택구입,원금균등,60,1
42,여,4300,10,전세,541,2,790,20.6,1500,생활비,원리금균등,36,1
50,남,5200,15,자가,540,3,2480,51.5,3700,전세자금,원금균등,36,1
23,여,1600,0,월세,546,2,910,74.5,2100,전세자금,만기일시,48,0
30,남,2600,3,자가,586,0,1940,18.4,1900,주택구입,원리금균등,36,1
43,남,6200,4,월세,520,0,2260,24.6,4400,사업자금,원금균등,60,1
36,여,5100,10,월세,722,1,3500,42.3,6400,생활비,만기일시,60,0
41,남,3900,0,자가,513,2,1470,45.5,2300,생활비,원리금균등,48,1
32,남,3400,3,전세,671,0,1910,29.6,4400,전세자금,원리금균등,60,1
38,남,3000,7,전세,513,1,1520,22.2,3300,생활비,만기일시,24,0
36,남,5300,6,전세,420,3,960,46.0,3500,교육비,만기일시,36,0
48,남,5900,7,자가,626,0,1160,24.5,1900,생활비,원리금균등,60,1
40,여,6600,9,전세,630,1,1070,57.1,2600,사업자금,원리금균등,36,1
41,여,2900,9,자가,576,2,1080,50.6,1700,전세자금,원리금균등,60,1
34,여,2800,7,자가,511,1,1670,16.6,1600,전세자금,원리금균등,24,1
33,남,3700,6,자가,564,2,930,50.5,3800,자동차,원리금균등,36,1
34,여,3800,6,자가,527,1,1950,32.0,2300,전세자금,원금균등,60,1
41,남,3900,11,전세,569,0,1260,37.9,1800,자동차,만기일시,36,1
34,남,2700,5,월세,619,0,1690,27.0,1600,전세자금,원리금균등,48,1
40,남,5300,4,자가,587,2,3330,38.5,1400,사업자금,원금균등,12,1
56,남,6900,7,전세,652,0,4240,23.4,1100,자동차,원리금균등,48,1
45,남,3400,10,자가,565,0,1580,20.7,3100,사업자금,원리금균등,60,1
35,여,4900,2,전세,531,0,1570,24.2,800,사업자금,원리금균등,36,1
48,남,6800,1,자가,480,1,4320,25.0,3700,자동차,원리금균등,12,1
34,남,3700,8,전세,547,0,960,63.7,3700,의료비,원리금균등,12,1
23,남,2600,0,월세,300,3,840,34.3,2800,주택구입,만기일시,60,0
28,남,3600,1,전세,493,1,930,20.8,3100,사업자금,원리금균등,48,1
23,여,1600,0,월세,509,0,880,21.6,2600,생활비,원금균등,24,0
34,여,3200,3,자가,592,0,1790,30.6,3300,주택구입,원리금균등,12,1
38,남,2000,7,전세,533,2,1080,28.3,3300,전세자금,원리금균등,48,0
53,남,6800,7,자가,630,2,2710,28.6,5700,교육비,원금균등,48,1
40,남,2500,5,자가,375,3,520,25.4,6400,전세자금,원금균등,24,0
36,남,5900,7,자가,589,0,4110,4.6,6300,자동차,원리금균등,36,1
45,여,3700,3,자가,417,0,1680,34.3,2000,생활비,원금균등,48,1
23,남,2400,0,전세,427,4,940,35.5,4300,전세자금,만기일시,36,0
40,남,3400,2,자가,529,3,1710,52.4,3800,교육비,원금균등,60,1
44,남,4100,4,전세,663,0,1080,31.5,2100,주택구입,원리금균등,36,1
24,남,4100,0,월세,570,2,940,30.7,1900,생활비,원금균등,48,1
48,남,2200,10,자가,573,3,860,41.3,2400,전세자금,원리금균등,36,1
41,여,5600,7,자가,589,1,1600,28.1,1700,자동차,원금균등,60,1
34,남,3900,0,전세,481,1,1150,41.5,1400,전세자금,원리금균등,36,1
43,남,3000,7,월세,521,2,2050,22.9,3800,전세자금,원리금균등,24,0
58,남,4100,4,전세,595,2,1920,44.9,3000,사업자금,원금균등,36,0
39,남,6600,13,전세,520,0,2900,52.5,3000,주택구입,원리금균등,60,1
40,여,2800,10,자가,625,0,1570,50.7,4700,자동차,원리금균등,36,1
33,여,2100,5,전세,514,0,1510,17.4,2700,생활비,만기일시,36,0
30,여,3900,4,전세,625,2,840,53.9,4500,전세자금,만기일시,36,0
45,남,5000,7,월세,661,1,3250,58.5,2000,사업자금,원리금균등,24,1
30,여,2100,4,월세,407,0,1050,33.3,2000,자동차,원리금균등,12,0
38,여,3700,3,자가,505,1,870,38.0,3000,자동차,원리금균등,24,1
33,남,2500,4,전세,476,2,820,22.4,8600,자동차,원리금균등,36,0
42,여,5400,3,자가,423,0,2370,40.4,5700,주택구입,만기일시,48,0
41,남,5800,16,자가,555,3,3270,21.8,5100,생활비,원금균등,48,1
47,남,5500,1,월세,755,3,1620,37.1,1500,주택구입,원리금균등,60,1
33,남,3900,1,전세,592,4,1830,62.7,3200,교육비,원리금균등,36,1
35,여,5500,2,전세,718,0,3080,36.2,4500,교육비,원금균등,48,1
29,여,2700,5,전세,618,0,1130,45.0,8500,의료비,원금균등,12,0
34,남,2500,4,월세,485,2,1660,54.0,1200,생활비,원금균등,12,0
41,남,4800,4,전세,537,2,3220,40.8,4300,전세자금,원리금균등,24,1
44,남,8300,11,전세,685,0,3580,31.5,5100,사업자금,원리금균등,36,1
29,여,2000,5,전세,580,1,1460,48.9,3700,자동차,원리금균등,24,0
45,남,4100,8,자가,534,1,800,60.7,1500,사업자금,원리금균등,24,1
50,남,5600,3,월세,450,3,850,42.8,3400,자동차,원리금균등,36,1
41,남,4100,3,전세,819,1,1550,25.1,3700,주택구입,원금균등,36,1
54,남,4000,20,자가,628,1,2040,46.5,3200,생활비,원리금균등,36,1
31,남,4600,5,전세,544,2,2420,38.5,2100,주택구입,만기일시,36,1
26,남,5700,1,월세,571,0,2480,55.9,2000,생활비,원리금균등,24,1
23,여,2300,0,전세,503,2,510,32.5,3700,주택구입,원리금균등,12,0
51,남,3900,13,자가,613,1,980,39.2,2100,생활비,원리금균등,24,1
43,여,2500,11,전세,682,1,1650,30.7,2100,주택구입,원리금균등,12,1
37,여,3700,7,전세,562,2,2480,61.6,2700,사업자금,만기일시,36,0
40,여,5100,10,전세,507,1,2820,26.2,3200,교육비,원리금균등,48,1
27,여,2900,1,월세,521,1,1590,33.9,5000,교육비,원리금균등,36,0
60,여,5500,25,자가,642,0,2790,51.1,1600,주택구입,만기일시,36,1
39,여,3000,13,자가,708,0,810,29.9,1500,생활비,원리금균등,48,1
38,남,2800,7,월세,656,1,1130,37.1,2400,생활비,원리금균등,24,1
44,남,5700,8,자가,605,3,3230,45.2,1200,의료비,원리금균등,24,1
42,여,5100,1,전세,453,0,2400,39.4,4000,전세자금,원리금균등,36,0
40,남,2500,5,전세,451,2,400,22.5,1100,생활비,원리금균등,36,1
30,남,5200,5,전세,578,2,3750,33.0,4200,교육비,원리금균등,36,1
42,여,4600,9,자가,617,3,3020,25.3,5200,전세자금,원금균등,48,1
54,여,7500,19,전세,640,2,2290,70.1,3400,교육비,만기일시,12,1
50,남,3300,8,월세,534,1,1710,19.2,1100,주택구입,원리금균등,36,1
52,남,3400,19,전세,581,0,2390,20.5,3100,전세자금,원리금균등,24,1
33,남,3300,3,전세,546,1,680,48.5,2000,전세자금,원리금균등,48,1
29,여,3100,4,전세,360,2,1400,81.5,1600,교육비,원금균등,60,0
36,여,5700,7,자가,503,0,2410,55.0,4000,교육비,원리금균등,24,1
38,여,4300,5,전세,517,4,1700,54.4,4400,사업자금,원금균등,12,0
47,여,4000,1,자가,641,2,2600,38.4,5700,주택구입,원금균등,24,1
23,여,1600,0,월세,450,2,600,46.7,2600,전세자금,원리금균등,24,0
51,여,6800,13,전세,647,3,1270,44.9,3200,의료비,원금균등,36,1
36,남,2800,5,전세,571,1,530,14.4,6800,사업자금,원리금균등,36,0
34,남,5800,4,전세,681,3,1010,54.6,8500,자동차,원리금균등,60,0
28,여,2400,0,전세,625,0,940,13.7,5100,전세자금,원리금균등,36,0
23,남,4100,0,월세,536,5,2380,48.4,2500,전세자금,원리금균등,24,0
45,여,5100,15,자가,587,1,1380,46.0,3000,전세자금,원금균등,24,1
38,남,3700,11,자가,538,2,1990,35.5,2700,자동차,원금균등,24,1
26,여,2100,0,전세,501,0,1180,56.3,4200,교육비,원리금균등,24,0
26,남,2500,1,월세,495,0,750,37.5,1900,전세자금,만기일시,48,0
34,남,4000,5,월세,609,1,2040,21.6,3500,전세자금,원리금균등,12,1
53,남,5400,17,자가,672,0,3020,29.2,3500,주택구입,원리금균등,60,1
35,여,2700,3,월세,589,1,1160,45.8,3600,생활비,원리금균등,36,0
24,남,2500,1,전세,630,2,880,54.1,1700,의료비,원금균등,36,0
35,여,3300,7,자가,717,0,1720,49.4,3300,주택구입,만기일시,36,1
35,남,1900,6,월세,558,1,1390,35.6,7200,자동차,원금균등,48,0
23,남,2900,0,월세,616,2,1170,32.7,2300,자동차,만기일시,36,0
37,남,2800,3,전세,514,1,1070,46.4,3400,자동차,원리금균등,36,0
35,남,2600,8,전세,660,4,1110,66.9,1100,의료비,원리금균등,24,1
44,남,2700,3,월세,626,3,520,35.7,3400,사업자금,원리금균등,60,0
54,여,2900,19,전세,704,3,1390,44.6,3300,교육비,원금균등,24,1
48,남,3200,15,월세,614,0,1110,28.8,3100,생활비,원리금균등,36,1
35,여,2600,6,전세,502,1,570,47.0,4300,사업자금,만기일시,36,0
28,남,5400,1,월세,447,1,2320,46.0,2600,자동차,원리금균등,12,1
61,남,5100,10,월세,597,3,770,35.2,5400,주택구입,원리금균등,24,1
38,남,4100,8,자가,703,3,1600,26.0,1900,자동차,원리금균등,24,1
38,남,4400,1,월세,524,2,930,27.5,6100,자동차,원금균등,48,0
37,남,4000,3,전세,617,5,650,63.5,3300,교육비,원리금균등,36,0
39,여,3500,9,전세,647,1,2250,24.2,2800,주택구입,원리금균등,48,1
36,남,2600,3,전세,518,0,1810,31.7,1400,사업자금,원리금균등,48,1
32,여,4600,3,자가,666,0,1260,36.7,1700,주택구입,원금균등,24,1
33,남,6000,5,전세,352,0,2840,35.0,3500,자동차,원금균등,36,0
37,여,2000,6,월세,452,2,630,53.3,2000,전세자금,원금균등,48,0
33,여,2200,1,자가,453,4,980,31.2,4900,사업자금,원리금균등,36,0
31,남,3000,2,전세,474,1,1230,46.5,3400,전세자금,만기일시,36,0
38,여,2600,7,월세,587,0,800,19.2,1400,생활비,원금균등,48,1
35,남,4200,8,전세,605,2,2390,22.5,4300,생활비,원리금균등,12,1
51,여,3700,23,자가,683,0,830,48.0,2700,생활비,원리금균등,48,1
23,여,4200,0,전세,589,0,760,31.6,2900,사업자금,원리금균등,24,1
47,남,6800,1,전세,496,1,4150,39.6,5000,교육비,원리금균등,36,0
49,여,4800,22,전세,560,1,2630,31.0,1400,생활비,만기일시,24,1
23,여,2900,0,월세,560,1,1300,27.9,1700,생활비,원금균등,48,1
34,남,5000,4,전세,519,1,2150,32.5,3500,전세자금,만기일시,36,1
34,여,2600,4,월세,420,3,1160,48.8,1200,자동차,원리금균등,36,0
25,남,2100,1,월세,603,1,860,26.8,2200,생활비,원금균등,48,0
30,여,2800,1,전세,644,1,1080,60.4,4800,주택구입,원리금균등,60,0
28,여,3400,1,월세,663,2,1520,45.6,2800,주택구입,원리금균등,48,1
53,남,5500,12,전세,629,1,2560,64.4,1500,전세자금,원금균등,24,1
46,여,2600,19,전세,671,1,1460,53.6,3200,주택구입,원리금균등,60,1
49,여,3500,13,자가,709,1,2010,29.8,2400,주택구입,원금균등,36,1
44,여,4000,4,자가,508,0,1500,45.3,2100,자동차,원금균등,36,1
27,여,2500,0,전세,613,2,990,48.2,15000,사업자금,원금균등,60,0
33,남,6300,1,전세,590,0,2350,50.0,3900,생활비,원리금균등,24,0
42,여,2500,9,전세,643,2,1170,57.0,2600,사업자금,원금균등,24,1
27,남,3400,1,자가,553,1,1430,7.9,4700,전세자금,만기일시,36,0
44,남,7000,13,전세,738,2,4780,29.8,2500,의료비,만기일시,48,1
35,남,7200,2,전세,599,0,4080,29.3,2300,주택구입,원금균등,36,1
34,남,3100,4,전세,432,2,2130,23.3,3400,자동차,원금균등,36,0
44,여,4700,15,전세,738,3,2700,55.0,3800,자동차,원리금균등,36,1
41,남,5000,3,자가,489,2,3660,33.0,4700,주택구입,원금균등,36,1
34,여,3300,3,월세,648,0,1750,18.1,6100,교육비,원금균등,48,0
48,남,4700,8,자가,579,1,3420,22.3,5400,전세자금,원금균등,24,1
28,남,3400,2,전세,638,0,830,21.7,4600,사업자금,원금균등,48,1
43,여,1800,8,월세,648,2,320,25.0,4800,생활비,원리금균등,48,0
43,남,5300,1,전세,592,3,2630,38.4,5400,주택구입,원리금균등,36,0
35,남,3800,2,전세,588,1,2810,54.1,4200,사업자금,원금균등,36,0
40,여,3400,5,자가,592,1,1360,32.2,1300,주택구입,원리금균등,12,1
26,여,4500,1,월세,388,1,1240,18.6,3800,전세자금,원리금균등,48,1
46,남,3800,15,월세,622,4,1750,53.9,5900,주택구입,원리금균등,36,0
36,남,3300,10,월세,493,1,1770,56.0,2000,사업자금,원리금균등,36,1
33,남,6300,7,전세,611,1,2130,35.6,2400,전세자금,원금균등,36,1
47,남,3700,4,월세,465,0,2140,26.1,2900,생활비,원리금균등,36,1
31,남,2800,6,자가,463,1,2050,16.6,3200,사업자금,원리금균등,48,0
25,남,2600,1,자가,659,1,1780,22.7,2200,전세자금,원리금균등,48,1
23,여,2800,0,월세,613,2,900,24.7,3000,주택구입,원리금균등,36,0
43,여,4200,7,자가,576,0,1450,43.5,3800,생활비,원리금균등,48,1
26,남,1900,2,자가,543,1,700,28.2,1000,주택구입,원리금균등,48,1
53,남,4500,20,자가,625,1,1740,41.8,3100,주택구입,만기일시,24,1
23,여,1800,0,전세,563,0,370,41.6,2400,의료비,원리금균등,12,0
53,여,4700,1,전세,497,1,2850,17.1,1200,전세자금,원금균등,60,0
39,남,4500,12,전세,684,2,1660,24.0,3900,생활비,만기일시,48,1
37,남,4300,1,자가,527,2,2910,36.8,3500,생활비,만기일시,36,0
33,남,2000,5,전세,511,2,1410,25.2,3200,생활비,원리금균등,12,0
41,남,5800,11,월세,614,1,950,35.3,4000,사업자금,원리금균등,48,1
37,여,3700,8,월세,529,3,2740,33.1,3500,생활비,원리금균등,36,0
47,여,6600,3,자가,607,3,3800,48.0,2000,전세자금,원리금균등,48,1
39,여,4100,10,월세,548,1,1890,26.3,4300,주택구입,원리금균등,60,1
39,여,5000,7,월세,622,0,1910,13.2,4600,자동차,원금균등,60,1
34,남,4100,3,자가,653,1,1890,38.3,1700,주택구입,원리금균등,60,1
37,여,5100,3,자가,508,0,1750,30.6,4600,전세자금,원리금균등,12,1
40,남,4800,9,자가,582,1,2510,42.8,2600,자동차,원리금균등,60,1
23,남,2500,0,월세,561,0,510,32.1,4000,전세자금,만기일시,12,0
25,여,4700,0,전세,512,2,2450,55.5,3200,자동차,원금균등,60,0
44,남,5800,10,전세,645,1,1820,61.7,2700,사업자금,원리금균등,24,1
39,남,4700,10,자가,641,2,750,59.6,3900,전세자금,원리금균등,36,1
36,남,2500,1,월세,616,2,1200,29.5,2500,전세자금,원리금균등,12,0
38,여,2400,9,전세,520,0,1190,43.4,5100,의료비,원금균등,48,0
41,남,4600,12,월세,530,1,1860,26.9,5500,사업자금,원금균등,24,1
33,남,3600,3,월세,526,2,690,29.3,2200,교육비,원금균등,36,1
30,여,2300,6,자가,475,0,1570,16.5,2700,생활비,원리금균등,48,0
39,여,3700,10,전세,632,1,1910,20.6,2400,전세자금,원금균등,48,1
29,남,5000,1,자가,462,2,1090,44.4,3600,교육비,원금균등,12,0
41,남,5100,3,월세,752,1,2320,12.2,5700,주택구입,만기일시,36,1
23,여,1500,0,월세,618,1,670,38.4,1300,의료비,원금균등,12,0
47,남,4600,16,자가,627,0,850,49.3,1400,생활비,원리금균등,48,1
42,여,3000,13,자가,664,0,1540,5.7,2800,교육비,원리금균등,60,1
40,남,3600,6,자가,435,0,2280,22.5,3200,전세자금,원리금균등,48,1
46,여,3700,5,월세,763,3,2210,63.5,1800,생활비,원금균등,24,1
52,남,4500,13,전세,562,1,1220,56.7,3200,교육비,원금균등,36,1
47,여,2900,15,월세,594,2,1930,31.2,2000,주택구입,원리금균등,60,1
23,여,2100,0,전세,372,0,740,40.7,2300,생활비,원리금균등,24,0
26,여,2000,3,자가,573,3,1430,60.3,5600,생활비,원리금균등,36,0
32,여,1500,5,월세,451,0,280,21.1,2500,사업자금,만기일시,36,0
38,남,7300,1,자가,586,1,3220,17.1,2500,의료비,원리금균등,48,1
42,여,5400,9,월세,555,0,2740,29.1,3200,생활비,원리금균등,60,1
31,남,2900,5,전세,467,2,860,46.7,5100,전세자금,원리금균등,36,0
39,여,3600,5,자가,496,0,2200,49.1,2900,생활비,원리금균등,48,0
31,여,2000,3,전세,553,1,1050,24.0,2200,자동차,원금균등,36,0
32,여,5000,0,월세,447,5,800,52.9,4000,생활비,만기일시,24,0
25,여,4200,0,월세,482,0,2160,31.2,4500,주택구입,원리금균등,24,0
29,여,2800,1,전세,586,1,1240,43.7,5300,생활비,원금균등,36,0
25,여,3200,0,전세,740,1,850,14.6,2900,사업자금,원리금균등,24,1
29,남,3300,2,월세,581,1,2460,22.9,3800,교육비,만기일시,48,0
47,여,2900,13,전세,520,2,1990,24.4,4400,전세자금,원리금균등,12,0
29,남,2700,0,월세,497,2,870,33.8,3200,생활비,원리금균등,12,0
61,남,6200,30,자가,714,1,2940,33.7,5800,사업자금,원리금균등,36,1
42,여,3400,11,월세,561,2,1150,58.1,4100,자동차,원리금균등,24,1
39,남,3700,12,전세,669,1,2270,44.4,7600,생활비,원리금균등,36,0
30,남,3100,2,월세,558,4,2190,46.1,4700,생활비,원금균등,36,0
44,남,4300,14,전세,685,2,1570,26.4,1100,생활비,원금균등,48,1
32,남,3400,5,전세,533,0,2150,21.8,2400,자동차,원리금균등,60,1
39,여,2600,5,월세,657,3,1160,31.2,1300,사업자금,원금균등,48,0
61,남,4800,10,전세,584,3,1860,45.3,2100,전세자금,원리금균등,24,1
37,남,2600,2,월세,458,1,1850,27.7,2400,주택구입,원금균등,60,0
48,남,6500,13,월세,804,1,2960,54.3,4600,주택구입,원금균등,36,1
31,남,1700,2,전세,381,1,730,40.5,2400,의료비,원금균등,36,0
37,여,4800,13,전세,553,0,2650,25.7,6000,주택구입,원리금균등,36,1
53,여,7400,13,자가,588,0,2260,14.0,2100,교육비,원리금균등,24,1
32,남,3100,0,자가,731,2,1060,28.5,2500,사업자금,원리금균등,60,1
54,남,2400,11,자가,723,3,1700,29.5,1600,생활비,원리금균등,36,1
44,여,3600,6,자가,685,0,2000,52.5,6100,전세자금,원금균등,36,1
32,여,2900,3,전세,517,2,1870,43.1,6600,의료비,원리금균등,24,0
43,여,2900,16,자가,803,0,900,57.9,2800,전세자금,원리금균등,48,1
46,여,3600,13,자가,630,0,1710,13.9,1400,교육비,원리금균등,48,1
43,남,6900,9,자가,692,1,5050,66.1,2700,주택구입,원리금균등,24,1
23,남,3100,0,자가,545,3,1050,68.3,3300,사업자금,원금균등,48,0
31,여,2200,2,자가,528,0,540,21.1,2100,교육비,원리금균등,48,0
35,여,2000,7,전세,534,1,910,47.5,9700,교육비,원금균등,36,0
37,여,3100,4,전세,534,1,1180,41.6,7400,전세자금,원리금균등,36,0
43,여,3700,13,자가,650,4,900,79.4,1200,사업자금,만기일시,36,1
39,남,4600,3,전세,590,0,3140,36.9,1600,생활비,만기일시,12,1
25,남,2300,1,월세,525,0,1710,17.5,3700,주택구입,원금균등,48,0
41,남,4900,3,자가,684,0,2400,23.0,1700,주택구입,만기일시,36,1
43,여,7100,12,전세,393,1,4360,54.3,3200,생활비,원리금균등,36,1
43,남,5600,15,월세,671,2,3720,32.5,3000,주택구입,만기일시,60,1
47,남,4600,10,월세,653,1,2620,20.5,2900,주택구입,원금균등,12,1
45,남,4300,11,자가,689,1,750,40.2,4900,의료비,만기일시,24,1
42,남,3800,14,전세,602,2,920,42.6,7400,사업자금,원금균등,24,0
37,여,4900,8,자가,605,1,940,31.5,3600,전세자금,원금균등,12,1
23,여,1800,0,월세,596,0,280,11.6,1600,의료비,원리금균등,24,0
41,여,3800,6,월세,687,1,1260,54.5,3200,생활비,원리금균등,60,1
39,여,3600,12,전세,571,1,1380,25.1,2200,전세자금,원리금균등,24,1
40,여,3200,6,월세,583,1,940,35.9,8100,사업자금,만기일시,48,0
26,남,1900,2,전세,663,2,350,26.4,4200,생활비,원리금균등,24,0
28,남,3300,1,월세,368,1,1540,28.8,3600,자동차,원금균등,36,0
47,남,4600,10,전세,540,1,1440,14.7,4100,생활비,원리금균등,60,1
37,여,4000,11,자가,712,0,2510,24.7,2900,생활비,원리금균등,24,1
44,남,3800,5,전세,650,2,580,39.9,5600,생활비,만기일시,48,0
38,남,5600,6,전세,627,0,3670,49.2,2200,교육비,만기일시,60,1
38,남,3000,5,자가,519,3,2160,62.0,4800,사업자금,원금균등,36,0
46,남,7800,16,월세,587,1,4520,48.5,6600,사업자금,원리금균등,36,1
33,남,2000,3,전세,487,1,1180,21.7,1900,사업자금,원리금균등,48,0
38,남,4500,11,월세,723,3,3190,51.8,3500,주택구입,원리금균등,48,1
33,여,3500,7,전세,519,1,960,24.8,3600,사업자금,원리금균등,24,1
34,여,2500,2,자가,543,0,1860,4.3,1700,전세자금,원리금균등,36,1
35,여,3700,3,월세,491,1,2270,44.7,1500,생활비,원리금균등,36,1
39,여,5300,5,전세,645,1,3100,32.4,1800,사업자금,원리금균등,24,1
33,여,1500,4,전세,491,1,540,34.7,2900,생활비,원금균등,60,0
49,남,5700,6,전세,579,0,2720,23.8,3600,생활비,원리금균등,36,1
29,남,1500,1,월세,385,1,810,36.4,2400,자동차,원리금균등,36,0
36,남,2800,9,월세,443,2,1460,60.4,7800,사업자금,원리금균등,36,0
34,여,5200,4,전세,572,1,2970,32.4,5000,사업자금,만기일시,24,1
51,남,4300,20,자가,536,1,850,33.8,3700,전세자금,원리금균등,24,1
39,남,2800,2,월세,706,1,1010,28.3,2400,전세자금,원리금균등,36,1
47,여,4100,17,자가,461,3,1680,34.9,3100,사업자금,원리금균등,36,1
24,남,5000,0,월세,485,2,1530,47.9,5200,자동차,만기일시,24,0
40,여,2100,4,월세,542,2,530,25.3,4700,전세자금,원금균등,12,0
46,여,3100,13,전세,566,1,720,27.3,4700,의료비,원금균등,36,1
38,남,6100,4,월세,492,4,2250,52.2,2500,의료비,원리금균등,48,1
47,여,7600,18,전세,589,1,3390,15.3,2300,전세자금,원금균등,60,1
33,남,3300,5,월세,478,4,610,66.5,1400,자동차,원금균등,24,1
50,남,3400,8,월세,551,2,2440,33.6,3900,전세자금,원금균등,36,0
58,남,10700,12,자가,823,2,6510,30.1,1400,전세자금,만기일시,60,1
34,여,5100,5,자가,582,3,3000,65.1,2900,생활비,원리금균등,36,1
33,여,3800,3,전세,647,2,960,39.4,2400,사업자금,원리금균등,60,1
51,여,3600,20,전세,676,1,1840,27.5,3300,교육비,만기일시,60,1
52,남,5100,19,자가,735,1,2380,19.0,5300,자동차,원금균등,24,1
33,남,3300,8,자가,349,1,2440,53.4,5900,자동차,원리금균등,24,0
34,여,3500,4,전세,530,1,2090,39.2,4200,생활비,원리금균등,24,1
35,남,5600,6,월세,690,3,2770,31.9,2000,주택구입,만기일시,24,1
25,남,3600,0,월세,490,1,2370,31.1,2900,주택구입,원리금균등,60,0
29,여,1900,1,전세,664,2,460,29.2,1900,주택구입,원리금균등,60,1
28,남,4600,2,전세,674,5,730,38.4,2100,사업자금,원리금균등,12,1
31,남,3600,4,전세,518,0,2030,39.4,3800,주택구입,만기일시,36,1
37,여,4200,5,자가,526,2,870,50.2,1800,사업자금,만기일시,36,1
40,여,5700,7,자가,510,0,1240,44.2,2300,전세자금,원리금균등,36,1
51,남,3600,8,월세,525,0,2140,27.0,1700,주택구입,원금균등,36,1
29,남,3100,2,월세,442,2,960,24.2,4100,생활비,원리금균등,60,0
46,남,3900,4,자가,593,0,2050,24.0,2500,교육비,원리금균등,24,1
36,남,2300,10,자가,456,1,1610,37.9,900,생활비,원금균등,24,1
37,여,3800,7,전세,621,0,1290,48.3,6700,생활비,원리금균등,12,1
44,여,8600,8,전세,676,2,2410,64.1,4900,자동차,원리금균등,36,1
27,남,1700,0,전세,384,1,360,60.8,1000,의료비,원금균등,36,1
41,여,3700,7,자가,695,1,840,17.6,4300,자동차,원리금균등,36,1
39,여,4400,2,자가,595,0,820,7.4,6400,생활비,원리금균등,36,1
42,남,4400,10,전세,653,2,890,35.2,2700,주택구입,원금균등,48,1
40,남,3900,8,전세,518,0,1590,14.9,3200,의료비,원금균등,36,1
60,남,4000,13,전세,654,2,1370,23.3,2500,자동차,원리금균등,36,1
32,남,3600,2,전세,636,1,2060,48.4,3800,사업자금,원리금균등,48,1
33,여,2400,10,월세,566,1,1610,31.1,5000,주택구입,원금균등,48,0
32,남,1700,2,월세,687,1,1050,31.0,1600,생활비,만기일시,24,1
33,여,4400,4,자가,567,1,2060,23.7,2100,생활비,원리금균등,36,1
32,남,4500,6,자가,666,1,950,12.1,3100,사업자금,만기일시,48,1
48,남,4900,8,전세,612,1,2820,29.3,3500,생활비,원금균등,12,1
50,남,5300,21,자가,704,1,1940,45.0,3600,의료비,원금균등,36,1
32,남,4700,1,전세,418,1,940,32.6,2700,생활비,원리금균등,36,1
30,남,3400,1,전세,568,2,2220,56.5,1900,자동차,원리금균등,24,0
42,여,5100,9,전세,537,0,1790,25.8,4900,생활비,원리금균등,24,1
33,남,3200,3,전세,479,3,890,38.5,1600,전세자금,원리금균등,36,1
43,남,6500,15,전세,779,2,4370,33.9,2300,생활비,만기일시,48,1
39,여,4000,2,월세,532,3,2760,36.2,3000,자동차,원리금균등,48,0
24,남,2800,0,전세,447,1,980,35.1,3800,사업자금,원금균등,60,0
51,남,3400,20,전세,605,1,1230,28.2,2500,생활비,원리금균등,12,1
54,여,5400,7,자가,484,0,2680,18.7,4300,교육비,원금균등,24,1
32,남,2600,4,자가,660,0,1530,39.1,5600,전세자금,원리금균등,48,0
34,남,2900,1,전세,478,2,540,25.4,2100,교육비,원리금균등,36,1
40,남,3200,3,자가,589,1,1610,15.9,3600,교육비,원리금균등,36,1
41,남,3000,9,자가,683,0,2160,21.8,3300,교육비,원금균등,24,1
43,남,8300,3,자가,557,2,2550,46.7,2500,생활비,원리금균등,24,1
56,남,8300,15,전세,700,1,5770,37.2,1100,생활비,원리금균등,36,1
36,남,6700,2,월세,494,1,4820,23.0,3500,의료비,원리금균등,24,0
30,여,1900,5,자가,739,0,590,24.6,3700,전세자금,만기일시,60,1
25,남,2800,1,월세,607,2,1680,51.6,5100,주택구입,원금균등,24,0
31,남,2200,3,자가,521,1,640,38.8,2500,자동차,원금균등,60,0
37,여,2800,6,전세,496,1,1650,11.5,2100,주택구입,원금균등,48,1
54,남,4000,9,자가,575,2,2510,49.9,1800,자동차,원리금균등,36,1
33,남,5000,6,전세,552,3,1490,41.0,600,교육비,원금균등,48,1
40,여,3300,13,월세,754,1,1910,34.8,2400,자동차,원리금균등,48,1
37,남,5300,4,월세,474,1,3370,39.4,11900,주택구입,원리금균등,24,0
48,남,5800,10,자가,618,0,2110,28.2,5600,전세자금,원금균등,36,1
60,남,11800,8,월세,656,2,2950,26.5,1800,전세자금,원금균등,36,1
33,여,1900,0,자가,509,2,380,20.1,2300,전세자금,원리금균등,36,0
33,여,4500,3,월세,551,0,2220,38.5,2300,생활비,원리금균등,36,0
47,여,6100,16,자가,631,1,4490,31.6,6000,전세자금,원금균등,36,1
44,남,3300,9,자가,647,2,2120,12.8,9100,전세자금,원금균등,36,0
54,여,6700,3,자가,630,0,2750,53.8,3100,전세자금,원리금균등,36,1
43,남,4800,10,자가,631,2,2260,46.4,3400,자동차,원리금균등,36,1
34,여,2900,7,월세,321,3,920,32.1,3800,전세자금,만기일시,36,0
43,여,3100,5,월세,579,0,760,40.0,2900,주택구입,원금균등,60,1
47,남,3800,2,전세,415,2,1660,49.5,3400,사업자금,만기일시,36,0
45,남,8400,6,전세,665,1,3590,45.4,3000,자동차,원리금균등,48,1
42,여,3900,11,전세,711,4,1800,75.2,3800,주택구입,원리금균등,36,1
47,남,6000,6,자가,515,1,4330,29.0,1100,사업자금,원리금균등,36,1
48,여,3500,8,자가,554,2,1790,19.2,2300,생활비,원금균등,36,1
50,남,3900,13,자가,556,0,2000,44.5,1600,주택구입,원리금균등,12,1
43,남,6000,6,자가,688,1,1360,47.5,4200,교육비,원리금균등,60,1
36,여,2200,5,자가,554,0,1640,5.8,2000,교육비,원리금균등,12,1
39,여,3200,10,자가,720,3,1960,46.3,1300,사업자금,원금균등,36,1
48,여,4400,4,자가,597,1,2970,17.1,1200,자동차,원리금균등,24,1
30,남,3300,0,자가,552,1,1310,32.1,3700,교육비,원금균등,12,0
41,남,3900,5,월세,569,2,1750,19.8,1800,의료비,만기일시,48,1
34,여,3500,3,자가,615,0,1620,50.5,2700,전세자금,원금균등,36,1
38,남,4800,8,전세,448,3,1270,44.5,6600,사업자금,원리금균등,48,0
49,여,5600,12,전세,622,0,3150,14.9,3600,전세자금,만기일시,24,1
39,여,2700,4,전세,541,2,1860,55.5,2300,생활비,원리금균등,24,0
38,남,3600,2,자가,604,1,890,57.2,1600,전세자금,원리금균등,24,1
25,남,3900,1,전세,528,2,780,38.0,3700,자동차,만기일시,36,0
44,남,5800,1,자가,479,2,3430,27.9,2800,자동차,원리금균등,48,1
43,남,2900,5,자가,554,1,910,26.8,4000,교육비,원리금균등,36,1
57,여,5800,5,자가,496,0,3040,9.1,900,생활비,원리금균등,36,1
35,남,2000,2,전세,375,2,1130,31.5,5200,전세자금,원리금균등,60,0
39,여,3600,2,전세,604,0,1230,35.9,1200,생활비,원금균등,24,1
40,남,7200,2,전세,628,1,4600,46.0,2300,주택구입,원리금균등,36,1
52,여,3600,5,자가,598,0,1720,50.3,6000,교육비,원금균등,36,0
37,남,3000,8,전세,674,1,2010,20.5,900,전세자금,원금균등,12,1
40,여,4600,4,월세,512,0,2790,32.3,2800,자동차,원리금균등,24,1
43,여,2500,5,자가,435,1,1670,26.0,2600,생활비,원리금균등,12,0
39,남,3300,4,월세,547,0,530,28.7,2900,전세자금,원리금균등,60,1
33,여,3700,6,월세,539,1,1090,19.1,3500,사업자금,원금균등,36,1
39,남,3300,2,전세,475,1,670,52.9,3000,생활비,원금균등,48,0
47,여,4000,14,자가,603,0,1660,37.2,1500,주택구입,만기일시,36,1
28,여,3300,3,전세,499,2,2250,61.6,3100,생활비,원리금균등,36,1
39,여,4100,10,자가,444,1,1760,25.2,2900,사업자금,원리금균등,48,1
31,여,3100,1,자가,500,1,2040,34.2,2900,의료비,원리금균등,60,0
48,남,4300,3,자가,467,2,1480,24.9,8500,자동차,원리금균등,12,0
24,여,2500,0,전세,543,2,880,28.3,5800,의료비,원리금균등,36,0
32,남,3200,5,전세,504,0,2190,13.7,7400,교육비,만기일시,48,0
41,남,4800,3,월세,651,3,1940,53.9,3500,교육비,원리금균등,60,1
52,남,4400,2,자가,682,1,2740,39.1,7300,사업자금,만기일시,60,0
37,남,3600,6,월세,620,0,1050,46.1,1900,전세자금,원리금균등,36,1
33,남,2600,2,월세,411,1,1870,37.0,2500,전세자금,만기일시,24,0
54,남,5300,17,월세,758,0,2620,46.0,2200,자동차,원리금균등,24,1
24,여,1700,1,월세,648,0,1020,14.3,2300,생활비,만기일시,60,0
23,여,1500,0,전세,516,0,300,35.3,3000,생활비,원리금균등,36,0
41,남,4500,4,자가,670,0,2000,34.2,3300,의료비,만기일시,24,1
33,남,3700,3,전세,507,1,2550,29.3,3700,생활비,원리금균등,60,1
28,남,3800,3,월세,403,0,2560,41.4,7100,의료비,원리금균등,24,0
44,여,3500,6,월세,504,2,620,50.6,1300,자동차,원리금균등,48,1
40,남,4600,13,월세,749,2,1520,24.8,1600,주택구입,원리금균등,36,1
32,남,4000,2,전세,430,1,1660,20.0,800,사업자금,원금균등,12,0
26,남,3200,1,전세,536,1,810,55.0,1900,자동차,만기일시,36,1
45,여,3200,16,자가,614,2,1880,45.4,2400,주택구입,원금균등,24,1
43,남,4600,9,자가,549,0,1190,25.0,2100,자동차,원금균등,36,1
37,여,3800,3,전세,517,2,1360,24.4,1600,자동차,원리금균등,36,1
54,여,5000,1,전세,560,1,2730,49.7,3100,주택구입,원금균등,12,1
28,남,1600,3,월세,486,0,700,27.3,2400,생활비,원리금균등,60,0
24,여,2400,0,월세,410,1,1420,43.9,1900,주택구입,만기일시,36,0
31,여,5600,2,월세,583,0,4060,5.0,3200,주택구입,원리금균등,24,1
37,여,3100,13,전세,681,0,680,39.6,2200,생활비,원금균등,24,1
40,남,3300,10,월세,652,1,1890,45.0,5300,자동차,원리금균등,24,0
35,남,4100,5,자가,501,1,1180,45.2,2700,주택구입,원리금균등,60,1
41,여,4100,7,월세,475,1,1630,19.2,2500,교육비,원리금균등,24,1
26,남,4100,1,월세,523,1,690,27.0,3400,주택구입,원리금균등,36,1
50,남,3400,7,자가,694,1,780,37.4,1100,전세자금,원리금균등,60,1
37,여,4300,2,자가,604,0,1470,51.8,5500,사업자금,원리금균등,36,0
48,남,5700,16,월세,693,1,2020,12.0,4400,교육비,원금균등,36,1
41,남,4000,8,자가,651,0,2750,17.7,2000,전세자금,원리금균등,60,1
42,남,4700,4,전세,600,1,2790,27.6,1700,주택구입,만기일시,48,1
43,여,5400,10,자가,613,0,3950,41.8,1800,교육비,원리금균등,24,1
42,남,5500,2,전세,617,0,2800,35.3,1400,주택구입,원리금균등,36,1
43,남,3100,13,월세,552,0,910,37.0,1200,생활비,원금균등,60,1
49,여,5800,18,자가,534,1,2010,45.2,1400,전세자금,원리금균등,36,1
39,남,3900,7,전세,631,0,1330,44.3,700,자동차,원리금균등,48,1
44,여,4100,4,월세,660,0,1410,16.0,2500,생활비,원금균등,60,1
37,여,3500,2,월세,455,2,1930,36.2,2800,사업자금,원리금균등,48,0
50,남,4800,15,월세,688,1,2240,49.6,5600,사업자금,원금균등,24,1
31,여,4100,5,전세,700,3,1560,53.0,4900,교육비,원리금균등,24,1
54,여,4800,26,자가,677,1,1140,35.3,2000,주택구입,원리금균등,36,1
37,남,2700,6,전세,491,1,440,50.0,2600,주택구입,원금균등,24,1
25,여,2100,0,월세,530,3,590,43.8,5200,전세자금,원금균등,60,0
39,남,4200,6,자가,527,0,900,23.2,2300,주택구입,원리금균등,36,1
31,여,4200,2,전세,502,3,2600,39.6,3200,자동차,원금균등,36,0
45,여,5000,3,자가,599,2,1080,14.0,2200,사업자금,만기일시,48,1
32,여,2300,4,전세,414,0,1340,37.5,3000,자동차,원리금균등,36,0
33,여,6500,4,월세,469,0,2470,25.5,3100,자동차,원리금균등,36,1
23,여,2300,0,자가,524,1,440,13.4,2500,교육비,만기일시,12,0
33,남,5100,3,전세,564,0,3250,30.6,5100,전세자금,원리금균등,36,1
23,남,2400,0,월세,551,0,1190,21.7,1900,의료비,원리금균등,60,1
23,여,2500,0,전세,675,1,720,27.9,3100,주택구입,원리금균등,48,1
44,남,5700,7,전세,600,0,3910,12.7,7300,자동차,원금균등,36,1
45,남,6600,5,월세,638,2,1160,49.4,3500,전세자금,만기일시,24,1
41,남,5700,10,월세,528,2,1540,18.2,2000,자동차,원금균등,48,1
29,남,4000,2,전세,611,0,2400,56.7,3500,전세자금,만기일시,60,0
37,여,3100,10,자가,538,1,1780,25.6,10100,자동차,원리금균등,36,0
37,여,2900,7,자가,569,0,930,54.3,3000,의료비,원리금균등,48,1
27,남,3200,1,월세,528,2,590,36.5,4400,자동차,원금균등,36,0
51,남,6700,3,전세,664,0,4450,30.6,3000,자동차,만기일시,36,1
45,여,3900,8,전세,474,1,1310,14.2,3400,생활비,원리금균등,48,1
36,여,4600,8,전세,403,3,1230,69.1,2800,주택구입,원리금균등,12,1
38,남,6100,5,자가,568,3,2800,24.4,1800,의료비,원리금균등,36,1
39,남,3000,8,전세,607,1,2080,47.7,3600,사업자금,원리금균등,24,1
23,남,2000,0,전세,532,2,350,64.7,1600,사업자금,원리금균등,36,0
35,남,3500,5,월세,658,0,2130,31.4,2500,주택구입,원리금균등,36,1
31,여,3200,3,전세,581,2,1570,65.6,7800,생활비,만기일시,12,0
28,남,2600,2,전세,490,2,1050,70.1,2800,주택구입,원리금균등,36,0
35,남,5500,3,전세,383,1,3280,55.5,1800,전세자금,원금균등,24,0
54,여,5600,12,자가,597,1,4080,53.7,3300,주택구입,원리금균등,48,1
43,남,4400,3,자가,641,0,1260,31.5,2200,생활비,원리금균등,24,1
32,남,2200,7,자가,525,2,510,26.1,3100,전세자금,원금균등,48,0
43,여,2600,5,자가,553,0,1810,19.4,1600,사업자금,만기일시,36,1
50,남,5400,18,자가,677,1,2970,28.3,4400,주택구입,원리금균등,60,1
46,남,2400,19,자가,537,0,990,39.9,3100,사업자금,만기일시,60,0
38,남,5300,11,월세,657,1,2610,31.9,1800,교육비,원금균등,24,1
32,여,2800,1,전세,663,3,1670,42.8,3500,전세자금,원리금균등,12,0
44,여,10800,7,전세,629,1,6620,17.7,7800,교육비,원리금균등,48,1
41,남,8400,6,전세,523,0,5890,24.0,2000,교육비,원금균등,36,1
46,여,4000,9,전세,579,2,1620,35.6,4300,생활비,원리금균등,12,1
43,남,4200,14,월세,434,1,1360,34.9,3600,생활비,원리금균등,24,1
47,남,6400,8,자가,630,0,3410,27.7,3600,전세자금,원리금균등,36,1
33,여,5100,4,월세,607,3,2030,27.3,4700,사업자금,원리금균등,60,0
49,남,3000,14,월세,734,3,1520,60.1,2600,전세자금,만기일시,60,1
39,남,2300,9,월세,552,2,920,30.9,3200,주택구입,원리금균등,24,1
56,여,4200,17,자가,659,1,1010,36.5,3100,사업자금,원리금균등,36,1
31,남,3900,2,전세,480,1,1680,22.1,1900,생활비,원리금균등,12,1
53,남,6100,5,자가,557,0,3440,9.8,3700,의료비,원금균등,36,1
39,남,5500,4,전세,452,2,3460,36.5,2500,주택구입,원금균등,48,1
32,남,2300,5,월세,532,2,1020,64.2,7400,교육비,만기일시,48,0
33,남,1700,4,전세,512,2,420,31.9,2300,생활비,원금균등,36,0
35,남,4700,5,전세,595,1,1870,38.3,1500,주택구입,원금균등,12,1
41,남,3200,5,전세,507,0,1980,37.4,5200,주택구입,원리금균등,36,0
42,남,2300,15,자가,604,1,910,49.2,2000,의료비,원리금균등,60,1
32,남,3500,7,월세,543,3,1980,61.1,1600,생활비,원금균등,24,1
37,여,4300,5,월세,541,1,1950,58.6,3600,사업자금,원금균등,36,0
57,남,5400,4,자가,580,0,1590,28.7,5800,교육비,만기일시,48,1
53,여,4200,28,전세,685,1,2630,52.0,4300,사업자금,원금균등,48,1
41,여,3600,17,자가,681,2,720,47.0,2200,주택구입,원리금균등,60,1
38,여,3100,11,전세,576,1,1440,38.7,3100,의료비,원리금균등,36,1
39,남,2600,5,월세,523,2,710,54.8,2500,교육비,원리금균등,36,1
43,남,3500,8,월세,560,0,660,26.7,6800,전세자금,원리금균등,36,0
28,남,3500,3,전세,492,1,1580,51.0,2400,사업자금,원리금균등,60,1
35,남,4000,4,전세,531,2,1790,38.5,3100,의료비,원리금균등,48,1
23,남,2700,0,전세,689,2,1550,44.3,3200,의료비,원리금균등,48,1
41,남,3100,3,전세,472,0,1850,38.8,1600,전세자금,원금균등,24,1
43,남,4100,12,자가,578,1,2400,26.3,2700,교육비,원리금균등,48,1
33,여,1600,6,전세,515,2,630,39.2,2700,주택구입,원금균등,36,0
52,여,5000,10,자가,580,4,2640,34.5,5900,주택구입,원리금균등,12,1
26,남,4400,0,전세,517,1,2180,57.5,3300,생활비,원리금균등,12,1
24,남,1700,0,전세,539,2,680,18.0,2400,주택구입,만기일시,48,0
40,여,3100,3,월세,409,2,1570,25.9,2700,사업자금,원리금균등,36,1
47,여,4800,14,전세,700,0,3440,26.8,2900,전세자금,만기일시,60,1
53,남,7700,11,자가,682,4,2040,65.3,2900,주택구입,원리금균등,48,1
33,여,2700,6,자가,457,3,1870,34.6,4700,전세자금,원리금균등,12,0
47,남,3800,2,전세,366,0,690,25.9,4800,주택구입,원리금균등,48,1
37,남,2100,8,자가,482,1,700,16.2,1800,의료비,원리금균등,24,1
36,남,3800,6,전세,548,4,1220,43.7,5100,교육비,원리금균등,36,0
45,여,7700,11,월세,838,3,4040,49.3,4300,전세자금,원금균등,36,1
43,남,4700,4,전세,610,2,1070,64.1,2900,교육비,원리금균등,60,1
23,남,2500,0,월세,380,3,1690,33.5,1400,주택구입,원금균등,36,0
51,남,5600,10,전세,550,2,3620,78.8,3300,사업자금,원리금균등,48,1
50,남,5000,16,월세,625,2,2700,42.8,2500,의료비,원리금균등,48,1
32,여,2300,1,월세,548,3,970,37.6,3900,전세자금,만기일시,36,0
41,남,5400,3,전세,463,0,3830,41.1,4100,사업자금,만기일시,36,0
42,남,4600,3,자가,550,1,2980,33.7,5800,주택구입,원리금균등,48,0
40,남,4100,2,전세,493,3,1840,54.9,1700,주택구입,원리금균등,12,1
33,여,2300,1,자가,439,2,1310,47.0,8700,사업자금,원리금균등,60,0
31,남,4900,3,전세,584,1,2400,54.6,4600,의료비,만기일시,48,0
37,남,4700,6,전세,638,0,2360,29.8,4200,전세자금,원리금균등,24,1
48,여,3700,3,자가,619,5,1280,62.4,7800,의료비,원금균등,60,0
42,여,5200,7,자가,632,5,2220,41.8,3500,교육비,원리금균등,24,1
34,남,3000,5,전세,515,1,590,36.4,5000,주택구입,만기일시,60,0
44,여,3200,12,월세,649,2,1160,40.7,3200,전세자금,원리금균등,36,1
23,여,1700,0,월세,541,0,960,52.4,4500,사업자금,원리금균등,48,0
48,여,2600,11,전세,591,1,1870,30.5,5300,전세자금,원금균등,36,0
23,남,2900,0,전세,480,2,2110,35.3,5000,생활비,만기일시,48,0
34,남,2000,4,전세,500,2,960,43.3,1400,의료비,만기일시,24,0
27,남,2000,1,전세,530,0,1020,43.5,2400,자동차,원금균등,24,0
26,여,1500,0,월세,710,1,390,41.2,5300,전세자금,원금균등,12,0
48,남,4700,3,자가,586,2,2660,57.0,3800,사업자금,원금균등,60,1
33,남,3300,6,전세,514,1,630,20.1,2900,생활비,원금균등,24,1
41,남,3800,2,자가,481,1,1210,42.4,3800,전세자금,만기일시,48,0
37,남,2800,2,전세,498,1,1540,44.1,1700,의료비,원리금균등,48,1
42,여,2700,8,월세,741,0,900,64.2,4400,교육비,원금균등,60,1
38,남,4500,0,자가,513,0,800,18.2,3600,주택구입,원리금균등,24,1
26,여,2000,2,전세,602,1,1290,51.2,3100,전세자금,원금균등,60,0
46,남,5100,6,전세,550,0,1710,38.9,2700,사업자금,만기일시,24,1
33,여,2300,5,월세,568,1,430,20.0,3300,주택구입,원리금균등,48,0
23,여,2300,0,전세,586,0,440,42.7,2600,생활비,원리금균등,48,0
34,여,4700,4,월세,521,1,1410,39.8,2500,전세자금,원리금균등,12,1
51,남,6100,13,월세,574,0,1560,42.3,7300,사업자금,원리금균등,24,1
45,여,3600,15,자가,743,1,2210,67.0,1300,생활비,원리금균등,36,1
34,남,3800,3,전세,631,0,1300,28.3,1300,생활비,만기일시,36,1
34,여,2900,2,전세,602,1,1830,14.3,4400,주택구입,원금균등,60,0
35,여,3200,2,월세,604,0,810,19.3,1600,주택구입,만기일시,36,1
56,남,5000,12,자가,646,2,2220,39.7,1100,전세자금,원리금균등,60,1
41,여,3600,10,자가,747,5,2020,75.6,4900,주택구입,만기일시,36,0
41,남,4400,9,전세,592,0,2380,44.6,5600,주택구입,원금균등,60,0
47,남,3500,13,전세,646,3,1780,60.8,1500,교육비,원리금균등,48,1
40,여,2700,10,자가,460,1,1900,46.4,1200,생활비,원금균등,48,1
35,여,2100,3,전세,470,1,600,41.8,1600,전세자금,만기일시,24,1
36,여,2000,0,자가,423,1,890,25.1,2100,의료비,원리금균등,36,0
37,남,2600,3,전세,642,2,1760,48.0,7800,사업자금,원금균등,24,0
37,남,4000,8,전세,375,2,780,51.8,2400,자동차,만기일시,24,0
44,남,3400,4,월세,521,1,620,35.1,4500,전세자금,원리금균등,36,0
38,남,4600,8,전세,346,0,1330,33.2,4300,생활비,원금균등,48,1
44,여,4100,8,월세,514,1,2170,27.8,5800,사업자금,원리금균등,12,0
37,여,1900,5,전세,504,1,580,50.5,2100,사업자금,원리금균등,36,0
38,남,4800,8,자가,698,3,1260,29.1,2900,생활비,원금균등,36,1
23,여,2800,0,월세,559,0,1190,27.9,2600,전세자금,원리금균등,12,1
46,여,3100,16,자가,544,1,1600,15.1,3900,교육비,원금균등,36,1
41,여,4300,7,월세,663,1,1280,40.8,5500,주택구입,원리금균등,48,1
46,남,3600,18,월세,627,1,1180,11.8,8900,전세자금,원리금균등,12,0
23,남,2600,0,전세,529,4,1340,37.7,2400,전세자금,원리금균등,48,0
56,여,3500,8,자가,478,2,2510,24.6,3200,자동차,원리금균등,36,1
36,남,2200,8,전세,482,0,1220,40.1,4600,자동차,원리금균등,48,0
47,여,3800,10,자가,521,0,2350,37.7,4000,자동차,원금균등,24,1
28,남,2900,0,전세,532,2,1070,51.2,7000,주택구입,만기일시,48,0
43,여,3500,15,자가,616,0,1090,30.8,2800,생활비,만기일시,12,1
28,여,1800,2,월세,651,2,760,43.4,2400,주택구입,원리금균등,36,1
32,남,3000,6,자가,590,1,1900,33.3,5900,사업자금,만기일시,24,0
55,남,5900,14,월세,412,1,2500,46.2,3400,자동차,만기일시,60,0
36,남,3700,2,월세,568,0,2430,18.0,3900,의료비,원리금균등,48,0
39,여,3800,7,전세,456,0,2820,28.0,2800,전세자금,원리금균등,12,1
45,여,3400,11,월세,511,0,650,16.9,4700,사업자금,원리금균등,12,0
42,여,5500,4,자가,510,0,970,48.0,1900,전세자금,원리금균등,24,1
39,여,2500,4,자가,491,0,590,46.7,2300,생활비,만기일시,24,1
41,남,4800,6,전세,467,0,1820,42.1,700,전세자금,원금균등,36,1
59,여,7700,25,전세,718,1,1760,19.6,2100,전세자금,원금균등,48,1
37,여,3900,1,전세,431,2,2620,51.1,4700,의료비,원리금균등,60,0
39,남,3800,5,월세,591,0,620,55.9,3000,주택구입,원리금균등,60,1
47,남,4000,15,월세,793,0,1350,33.1,1800,의료비,원리금균등,48,1
47,남,6400,3,전세,472,2,1660,27.3,6100,전세자금,만기일시,12,0
48,여,2900,24,전세,626,2,2050,34.2,3200,주택구입,원리금균등,36,1
43,여,2900,12,자가,387,4,1590,68.7,6900,생활비,만기일시,36,0
27,남,2600,0,전세,501,1,1810,8.9,4600,생활비,원리금균등,36,0
52,여,6900,11,전세,675,3,5060,24.9,3200,전세자금,원금균등,36,1
27,여,2800,1,전세,590,0,1250,23.6,7500,생활비,원금균등,60,0
40,남,3000,4,자가,556,0,870,44.4,2400,전세자금,만기일시,60,1
31,남,3000,3,전세,616,2,790,36.7,1700,의료비,원리금균등,24,1
37,남,3200,0,전세,735,1,900,51.7,6600,사업자금,원리금균등,24,0
40,여,3000,1,자가,671,0,1720,21.5,4000,자동차,원리금균등,48,1
40,여,5000,7,전세,543,1,870,43.2,6000,생활비,만기일시,48,0
41,남,2700,5,자가,435,3,480,63.0,4600,전세자금,원리금균등,24,0
52,여,7700,13,자가,609,2,3960,53.2,6800,주택구입,원리금균등,48,1
42,남,5500,7,자가,514,1,2940,35.7,2300,교육비,원리금균등,48,1
35,남,5100,2,자가,597,0,2800,64.5,2700,생활비,원리금균등,36,1
46,남,4000,12,월세,505,2,1490,43.3,2700,전세자금,원금균등,24,1
48,여,4200,11,자가,591,0,2660,52.5,2700,사업자금,만기일시,60,1
26,여,1600,3,전세,598,1,750,56.3,1300,전세자금,원리금균등,48,1
43,남,3700,5,전세,553,0,780,58.1,3200,교육비,만기일시,24,0
44,남,5200,3,전세,491,0,3260,28.7,4400,주택구입,원금균등,48,1
35,남,5400,7,자가,682,1,3890,33.7,2100,주택구입,원리금균등,48,1
50,여,3300,10,자가,432,1,610,39.9,1800,자동차,만기일시,60,1
36,여,3000,2,월세,513,0,1150,33.2,2800,전세자금,원금균등,24,1
39,남,3800,7,전세,569,0,1680,29.6,4400,전세자금,원리금균등,60,1
36,남,2400,6,전세,555,1,570,18.8,1700,생활비,원금균등,24,1
38,남,4700,6,전세,591,1,3150,24.5,9600,자동차,원리금균등,36,0
28,여,2100,2,전세,579,0,670,32.3,1500,의료비,원리금균등,48,1
25,남,2600,0,전세,523,0,1610,33.9,2200,사업자금,원금균등,36,0
52,남,4500,17,전세,600,0,2480,36.8,5200,교육비,원금균등,36,1
30,남,2500,3,월세,507,2,1270,29.4,4800,전세자금,원금균등,60,0
29,여,2700,1,전세,483,0,710,14.3,4600,주택구입,원리금균등,36,0
23,여,2000,0,월세,583,0,560,45.1,2100,생활비,만기일시,36,0
32,남,3000,2,자가,488,1,530,48.8,2300,사업자금,원리금균등,24,0
26,여,1900,3,전세,601,1,550,34.4,1900,전세자금,원리금균등,12,1
52,남,5700,8,자가,598,1,2030,37.7,2500,자동차,원리금균등,24,1
47,남,7800,4,자가,556,3,5060,42.4,3600,사업자금,원리금균등,60,1
31,여,3000,2,월세,589,1,1100,28.9,1900,의료비,원리금균등,48,1
58,남,7700,12,전세,578,1,4640,55.8,1200,전세자금,원금균등,60,1
46,여,2800,7,자가,614,1,1150,40.8,5300,전세자금,만기일시,12,0
35,남,3800,6,월세,585,3,2350,54.0,2700,주택구입,만기일시,48,0
23,남,1800,0,월세,470,1,1320,23.1,4300,전세자금,원금균등,12,0
58,여,3400,6,전세,606,2,990,22.0,2500,교육비,원리금균등,48,1
25,여,1900,1,월세,567,0,1260,19.5,3900,생활비,원금균등,36,0
23,남,3700,0,전세,629,2,1930,66.4,9500,의료비,원금균등,12,0
47,여,5700,14,월세,704,0,3650,41.5,1600,의료비,원리금균등,36,1
59,남,6200,7,전세,636,2,3350,30.1,2000,사업자금,원금균등,24,1
50,남,3100,8,월세,480,2,1250,58.6,1900,주택구입,원리금균등,48,0
43,남,4100,2,전세,746,2,1170,35.3,8500,주택구입,원리금균등,48,0
43,여,4300,2,자가,440,0,820,35.6,2900,주택구입,원리금균등,48,1
45,남,4800,15,전세,698,1,2260,28.2,4600,생활비,원금균등,60,1
44,남,2500,6,자가,589,2,1860,64.9,700,전세자금,원금균등,36,1
40,여,2800,3,자가,449,0,1650,36.7,3600,생활비,원리금균등,36,0
38,남,3800,9,자가,573,2,1310,41.5,2500,자동차,원금균등,48,1
37,남,4500,12,월세,598,2,2900,56.1,6000,주택구입,만기일시,36,0
31,남,1700,2,전세,631,0,1030,42.7,4100,생활비,만기일시,12,0
35,여,3100,7,전세,508,2,980,31.8,2400,전세자금,원리금균등,48,1
23,남,2700,0,전세,506,0,420,41.8,6600,의료비,원리금균등,12,0
37,여,4400,6,월세,387,2,970,18.6,6900,사업자금,원금균등,24,0
29,여,3300,2,전세,681,2,2230,25.4,6300,전세자금,원리금균등,24,0
28,남,3600,4,월세,470,0,2340,25.3,4300,자동차,원리금균등,12,0
39,남,3100,2,월세,567,2,1010,26.2,2600,자동차,원리금균등,12,1
50,여,2600,19,자가,612,0,830,26.5,3300,교육비,원금균등,12,1
46,여,3700,7,자가,564,1,2310,28.5,2400,주택구입,원금균등,36,1
23,여,2900,0,월세,593,0,2060,15.0,3300,교육비,원리금균등,24,0
29,여,4100,0,월세,674,0,2530,52.2,2200,주택구입,원리금균등,24,1
46,여,5200,7,전세,607,2,2660,27.1,2700,의료비,원금균등,48,1
29,여,3100,1,전세,588,1,910,54.0,8700,주택구입,원리금균등,24,0
35,남,4100,8,월세,607,2,1900,39.5,3500,교육비,원리금균등,12,1
42,남,3600,9,자가,662,0,1040,52.1,2400,의료비,원리금균등,36,1
29,남,3000,3,월세,507,1,1900,13.4,1700,생활비,원리금균등,36,0
38,남,6500,4,월세,671,1,2480,31.6,2800,의료비,원리금균등,36,1
25,여,1700,1,전세,610,3,1100,34.9,4300,생활비,원금균등,36,0
32,남,5500,1,월세,646,3,2080,61.9,3200,주택구입,원금균등,48,1
40,남,3700,4,전세,504,0,2380,24.6,2900,전세자금,원리금균등,36,1
23,남,3800,0,월세,524,3,1320,51.2,3700,의료비,원리금균등,60,0
41,남,2700,9,자가,591,1,1110,46.1,3600,전세자금,원리금균등,36,1
37,남,4600,3,전세,451,1,2380,29.7,4200,사업자금,원금균등,36,1
42,남,3400,10,월세,711,0,650,37.8,4300,사업자금,원리금균등,24,1
40,여,2400,0,자가,523,0,1720,55.2,2800,의료비,원리금균등,48,0
50,남,5300,21,자가,680,1,2610,30.6,2700,자동차,원금균등,24,1
39,남,5400,5,월세,532,0,2450,37.4,3000,주택구입,원금균등,36,1
34,남,2700,6,전세,450,1,1760,28.8,3900,주택구입,원리금균등,36,0
39,남,2500,0,월세,476,2,1670,70.5,5200,생활비,원리금균등,48,0
42,여,3800,1,자가,560,3,1760,61.8,2500,사업자금,만기일시,60,0
38,여,3400,12,전세,647,1,2400,40.0,2700,생활비,만기일시,60,1
38,남,4600,2,월세,568,4,860,35.5,1900,주택구입,원리금균등,24,1
31,남,4400,4,전세,591,0,950,35.1,1400,교육비,원금균등,24,1
32,남,3300,6,전세,536,0,1670,51.9,1600,주택구입,원금균등,48,1
25,여,4100,0,월세,580,2,1480,40.7,1800,사업자금,만기일시,36,1
53,여,5200,21,월세,775,2,2220,29.5,2100,전세자금,원리금균등,36,1
26,남,2500,1,전세,586,2,860,81.7,3700,생활비,원금균등,48,0
31,남,2000,4,전세,604,1,780,40.4,1700,주택구입,원금균등,36,1
31,남,3000,2,자가,563,1,1930,22.6,3000,전세자금,원리금균등,60,1
46,남,4200,4,전세,441,1,2120,24.8,4500,교육비,원금균등,36,1
35,남,4900,6,전세,495,1,3660,25.4,1900,주택구입,원리금균등,36,1
49,여,5200,16,자가,668,0,3230,29.0,2300,주택구입,원리금균등,36,1
31,남,2300,4,전세,542,3,720,61.4,1500,자동차,원리금균등,48,1
40,남,4300,13,자가,643,0,1320,18.1,1800,자동차,만기일시,36,1
30,남,3900,4,자가,693,0,1370,43.7,5900,자동차,원리금균등,36,1
57,남,8900,26,전세,777,2,5830,41.6,3800,의료비,원금균등,60,1
27,남,3800,3,전세,653,2,630,53.6,8700,자동차,원금균등,36,0
40,여,4600,11,월세,608,4,1320,61.1,2000,전세자금,원리금균등,36,1
43,남,4400,10,전세,529,4,3040,36.9,6300,자동차,원리금균등,48,0
41,여,4200,3,자가,552,2,2240,16.5,2000,전세자금,원금균등,48,1
36,남,5400,12,전세,549,1,1540,62.7,2300,주택구입,만기일시,12,1
36,여,2200,3,자가,661,1,610,43.5,11700,주택구입,원리금균등,36,0
38,여,3100,5,월세,619,0,2060,47.7,1900,주택구입,원리금균등,48,1
36,남,2900,3,월세,585,2,1990,39.9,6600,생활비,원리금균등,36,0
46,여,4700,8,전세,685,2,1420,25.7,2900,생활비,원리금균등,48,1
57,남,8100,6,전세,449,1,3250,27.2,1700,생활비,원리금균등,36,1
32,남,2800,4,자가,595,2,1820,40.8,1400,교육비,원리금균등,60,1
25,여,1500,1,전세,415,0,910,17.9,3100,의료비,원리금균등,24,0
37,남,3400,6,월세,563,1,2170,42.9,1700,사업자금,원리금균등,12,1
61,여,7300,21,자가,653,1,3360,44.7,2500,교육비,원금균등,36,1
30,남,3700,0,전세,589,1,2570,24.5,1100,생활비,만기일시,36,1
52,여,5400,15,자가,647,0,1860,35.4,3500,교육비,원리금균등,36,1
53,여,4500,8,전세,692,1,1090,32.6,1300,전세자금,원금균등,24,1
33,여,2100,3,전세,487,2,1200,15.0,2900,생활비,원리금균등,48,0
43,여,4600,8,월세,642,1,2170,55.5,1500,생활비,만기일시,36,1
52,여,3700,6,자가,579,0,2450,38.0,5500,주택구입,원금균등,36,1
34,남,6900,4,전세,458,2,1370,50.0,1000,생활비,원금균등,48,1
36,남,4400,6,월세,500,0,2880,54.6,2600,주택구입,원리금균등,48,1
32,남,2800,4,자가,536,2,910,27.9,3900,생활비,원금균등,36,0
28,남,2500,1,월세,618,2,1350,30.2,3500,주택구입,원리금균등,36,0
32,여,2900,3,자가,581,0,500,64.3,1600,주택구입,원리금균등,36,1
26,여,2200,0,자가,428,1,1130,35.2,1200,의료비,원리금균등,60,1
38,여,4900,3,자가,552,2,2840,41.3,4400,주택구입,원금균등,60,1
31,여,3000,1,월세,696,2,1110,57.0,2800,주택구입,원금균등,36,1
40,남,3300,9,전세,586,1,920,21.0,1700,사업자금,원리금균등,12,1
23,남,4500,0,월세,518,2,2120,33.1,4500,교육비,원금균등,24,0
40,여,3700,7,자가,611,4,2400,51.8,2200,전세자금,원리금균등,36,1
45,여,5200,8,전세,653,0,1780,37.9,2100,교육비,원리금균등,36,1
23,남,2100,0,전세,484,1,630,23.2,1900,주택구입,원금균등,48,1
41,남,4700,3,월세,602,2,1490,38.6,2000,생활비,원리금균등,36,1
49,여,4900,7,전세,557,2,3520,41.0,2000,주택구입,원리금균등,48,1
27,남,1600,3,월세,588,2,580,34.7,3500,사업자금,원리금균등,60,0
53,남,9700,17,자가,695,0,1470,37.5,6500,주택구입,원금균등,48,1
41,여,5600,13,전세,659,0,3460,56.7,1400,사업자금,원리금균등,24,1
31,여,2500,6,전세,494,1,1420,32.1,2500,주택구입,만기일시,36,0
37,남,2700,5,월세,486,1,610,53.3,2700,자동차,원리금균등,36,1
43,남,4800,13,자가,688,2,3550,19.5,3700,주택구입,원금균등,60,1
38,남,4000,4,전세,553,1,2050,38.4,4900,전세자금,원리금균등,36,0
42,여,4300,8,자가,605,1,1930,29.6,2700,사업자금,원리금균등,36,1
29,여,2900,2,전세,514,4,1100,50.0,2100,사업자금,원금균등,36,1
39,남,4700,8,자가,658,1,3230,30.2,4000,주택구입,원리금균등,36,1
25,남,4200,1,월세,498,0,1240,43.4,1300,교육비,원리금균등,48,1
36,여,3900,5,전세,553,1,1250,16.3,1000,자동차,원리금균등,12,1
29,남,2200,2,월세,594,1,490,64.9,10900,주택구입,원리금균등,36,0
31,남,4900,2,월세,652,1,2960,10.0,2000,의료비,원리금균등,24,1
49,남,8000,10,자가,588,1,4050,23.5,2400,사업자금,원금균등,36,1
47,남,12200,10,전세,828,0,6280,36.5,3900,전세자금,원금균등,48,1
43,남,3100,10,자가,606,2,870,20.7,3500,생활비,원리금균등,24,1
28,남,3200,1,월세,453,0,1730,32.3,4600,전세자금,원리금균등,36,0
35,남,1900,2,전세,558,1,1150,19.0,4700,생활비,원리금균등,48,0
48,여,5200,15,자가,596,2,1890,82.5,1400,전세자금,원리금균등,48,1
39,남,3400,7,전세,603,1,2140,24.3,5600,전세자금,원금균등,12,0
58,여,9500,11,전세,646,3,3410,39.7,3800,자동차,원금균등,36,1
41,남,3300,14,자가,608,1,1990,41.3,3600,생활비,원리금균등,24,1
39,여,2100,0,전세,448,2,350,33.1,3700,자동차,원리금균등,24,0
35,여,2800,4,월세,627,1,1340,55.3,900,주택구입,원금균등,36,1
39,여,2000,5,월세,452,3,1460,58.4,2700,전세자금,원리금균등,24,0
36,여,4200,8,전세,493,2,3100,48.0,1800,자동차,원리금균등,60,1
44,남,2400,8,전세,593,3,760,53.6,1700,사업자금,원금균등,24,1
46,남,4700,8,월세,715,1,1940,15.1,2300,주택구입,원금균등,48,1
30,남,1700,4,자가,508,1,310,13.6,4500,전세자금,원리금균등,48,0
26,여,2200,0,월세,578,4,1480,41.4,3400,주택구입,만기일시,60,0
23,여,3600,0,전세,621,0,1760,58.8,3700,사업자금,원리금균등,36,0
42,여,4300,8,전세,648,1,1630,56.2,2300,주택구입,원금균등,60,1
28,여,2000,4,월세,515,1,430,46.3,3600,자동차,원리금균등,60,0
23,남,2500,0,월세,437,2,1790,37.3,2700,사업자금,원금균등,24,0
41,여,3800,12,월세,421,0,1770,31.0,4800,생활비,만기일시,36,1
60,여,6300,12,자가,601,1,2010,28.4,4200,주택구입,원리금균등,12,1
37,여,2200,2,전세,626,1,790,27.7,3200,주택구입,원금균등,36,0
45,여,4900,5,전세,484,2,1530,49.1,2000,전세자금,원금균등,36,1
38,남,1700,3,월세,588,3,860,34.3,3400,전세자금,원리금균등,24,0
37,남,3100,2,자가,464,0,2190,13.1,3300,전세자금,원금균등,48,0
46,여,3600,15,월세,619,0,2390,22.4,3100,자동차,만기일시,12,0
35,여,3900,7,전세,630,1,1660,40.0,2300,생활비,원금균등,48,1
40,여,3700,6,자가,514,2,2380,53.8,2100,의료비,원리금균등,12,1
40,여,2400,5,전세,562,0,960,44.1,3500,주택구입,원리금균등,48,0
31,여,2100,4,자가,507,1,630,14.5,1900,주택구입,원리금균등,12,1
46,남,4900,9,전세,650,1,3620,34.3,2600,사업자금,원리금균등,24,1
36,남,3600,4,자가,574,0,1190,23.8,4000,자동차,원리금균등,48,1
31,남,2700,2,전세,541,1,920,39.5,3700,주택구입,원리금균등,24,1
42,여,3300,12,전세,717,2,2450,65.0,1600,자동차,원리금균등,36,1
29,남,3800,1,월세,595,3,870,64.6,3400,교육비,원리금균등,60,1
38,남,3300,9,전세,522,1,2000,19.6,8200,자동차,원리금균등,12,0
37,남,3700,6,전세,560,2,2630,33.1,4200,생활비,원금균등,48,1
47,남,9100,18,자가,674,2,4150,53.6,2600,자동차,원금균등,12,1
42,여,2500,5,전세,556,2,370,34.4,5700,자동차,원리금균등,24,0
37,남,2200,2,월세,733,3,820,23.5,9000,사업자금,원리금균등,24,0
45,여,5200,10,월세,631,0,1120,34.8,4600,자동차,원리금균등,60,1
50,남,4100,5,자가,403,3,1630,58.6,1200,의료비,원리금균등,24,1
43,남,3900,3,자가,510,2,2430,26.8,4000,전세자금,원리금균등,60,0
38,남,3100,11,월세,431,2,1280,63.1,5800,생활비,원금균등,60,0
26,여,2200,2,월세,505,4,900,60.4,1000,전세자금,원리금균등,36,0
28,남,4900,2,월세,400,2,2370,23.2,4700,생활비,만기일시,36,0
35,여,4100,4,월세,491,0,2040,28.1,2700,주택구입,원리금균등,48,1
32,여,3800,3,전세,431,1,2520,20.4,5700,사업자금,원리금균등,36,0
36,여,2200,7,전세,587,1,730,39.2,2800,주택구입,원금균등,24,1
38,남,2700,4,월세,547,0,1730,9.8,3500,사업자금,원금균등,36,0
42,여,1600,0,전세,540,5,780,39.6,3500,자동차,원금균등,48,0
37,여,2700,2,자가,528,2,890,39.5,4200,전세자금,만기일시,48,0
42,남,5700,4,자가,465,2,1860,35.4,3700,교육비,원리금균등,24,1
38,여,4100,4,자가,602,0,1500,15.2,1900,생활비,원금균등,24,1
23,남,2400,0,월세,677,5,1250,47.6,2600,교육비,원리금균등,60,0
29,여,2700,4,전세,579,3,770,54.0,2900,자동차,원금균등,12,0
36,여,2700,3,자가,507,4,1890,61.7,5500,주택구입,원리금균등,48,0
27,남,3100,1,월세,421,0,1530,23.4,3800,주택구입,원리금균등,12,0
43,여,5000,12,자가,537,2,3510,44.4,2100,주택구입,원금균등,48,1
51,남,3100,7,자가,602,0,550,46.9,1800,자동차,원리금균등,60,1
48,남,5300,16,자가,718,0,1880,24.0,4100,교육비,원리금균등,24,1
36,남,4900,1,자가,574,1,800,45.9,2300,주택구입,원리금균등,12,1
51,남,4500,10,자가,658,1,1410,27.3,4300,사업자금,원금균등,36,1
39,여,4400,6,월세,630,2,2930,57.7,2900,생활비,만기일시,24,1
34,여,7400,6,월세,644,1,1270,19.2,6200,전세자금,원금균등,36,1
32,남,3300,1,전세,485,2,1350,40.5,2000,의료비,원금균등,48,1
35,남,4100,8,전세,594,0,900,16.8,6100,생활비,원리금균등,24,1
34,남,2800,5,전세,485,1,1120,43.0,4900,의료비,원리금균등,36,0
39,남,4200,7,자가,578,1,2740,42.4,2400,자동차,원리금균등,48,1
39,남,4600,5,자가,597,1,2400,21.7,1900,의료비,원금균등,36,1
38,남,4100,7,월세,710,1,2420,40.6,7800,생활비,원리금균등,36,0
41,여,2800,10,자가,473,3,1000,56.1,1900,주택구입,원리금균등,48,0
48,남,5100,14,자가,659,3,3650,65.2,3400,생활비,원리금균등,48,1
46,남,7200,7,전세,725,2,4140,35.5,3500,자동차,원금균등,36,1
24,여,2600,0,전세,586,0,1040,23.4,3000,사업자금,원리금균등,24,1
23,남,3400,0,자가,600,5,1370,66.4,4400,생활비,원금균등,12,0
46,남,4300,13,자가,655,0,3010,33.8,1800,자동차,원금균등,48,1
25,남,3400,1,전세,642,0,1680,44.0,7800,주택구입,원금균등,48,0
35,여,3500,2,전세,458,0,2000,31.0,1900,생활비,만기일시,48,1
27,여,1900,2,전세,418,0,760,12.4,2700,전세자금,원리금균등,12,0
23,남,2800,0,전세,527,3,790,53.0,1400,생활비,원금균등,36,1
42,남,3200,6,전세,389,3,1860,65.4,5000,주택구입,만기일시,48,0
44,여,3300,3,월세,646,0,1690,37.7,7700,주택구입,원금균등,36,0
32,여,3100,8,전세,668,2,1390,40.0,8100,교육비,원금균등,24,0
23,남,2800,0,전세,493,1,1460,61.1,5200,자동차,원리금균등,36,0
33,여,2100,5,전세,516,1,570,65.4,2400,전세자금,원금균등,48,1
41,남,5700,6,전세,581,1,3570,13.0,3000,자동차,원리금균등,12,1
24,남,3100,0,전세,535,1,2220,42.3,2500,사업자금,만기일시,36,0
39,여,2900,8,전세,579,1,1980,19.7,1600,주택구입,원금균등,36,1
37,남,2400,2,자가,578,1,820,52.2,2500,자동차,만기일시,36,1
43,여,3800,10,자가,574,0,1490,11.5,4700,사업자금,원금균등,48,1
39,여,3100,12,전세,666,1,1960,29.4,1900,사업자금,원리금균등,36,1
29,남,3200,2,전세,577,0,1620,46.0,900,사업자금,원리금균등,24,1
48,남,4300,6,월세,524,0,2050,17.9,1600,사업자금,만기일시,24,1
36,남,2000,2,전세,636,2,1410,45.0,4500,전세자금,원리금균등,36,0
37,남,3400,4,전세,445,0,1600,10.7,1200,교육비,원리금균등,12,1
29,여,2400,2,전세,526,1,1100,40.2,2300,생활비,원금균등,36,1
34,여,3800,8,전세,655,3,660,36.3,2400,교육비,원리금균등,48,1
30,여,2200,3,자가,479,3,420,54.1,3400,주택구입,원금균등,24,0
36,여,5500,7,월세,614,2,840,33.1,3300,생활비,원리금균등,36,1
53,여,2700,8,월세,610,1,1880,35.0,3600,사업자금,원금균등,36,0
25,여,3500,1,전세,471,3,1380,43.4,2700,주택구입,만기일시,24,0
23,남,2400,0,전세,518,0,1030,43.2,1800,자동차,원리금균등,36,0
51,남,6600,1,자가,558,0,4330,17.9,4700,전세자금,원리금균등,60,1
36,남,3800,1,전세,498,3,1950,46.2,1200,사업자금,원리금균등,36,0
31,남,4600,0,전세,730,3,2370,27.4,4400,주택구입,만기일시,36,0
47,여,3800,8,월세,516,3,1240,19.3,5300,주택구입,원리금균등,12,1
32,여,2100,5,월세,626,5,1360,63.3,9600,전세자금,원리금균등,12,0
54,남,8200,6,자가,580,2,2040,37.6,2000,사업자금,원금균등,12,1
44,남,4300,3,전세,471,0,780,41.3,2200,사업자금,원리금균등,48,1
33,여,3300,3,전세,556,2,870,44.2,3000,사업자금,만기일시,36,1
57,남,8100,12,전세,692,0,2510,28.1,2900,의료비,만기일시,24,1
32,남,2500,2,전세,608,3,790,63.0,4500,사업자금,원리금균등,48,0
44,남,5300,3,전세,692,0,2920,31.5,3800,의료비,원금균등,24,1
40,여,3100,2,전세,776,1,870,48.3,2500,생활비,원리금균등,24,1
49,남,4700,22,전세,677,0,2610,29.7,2800,생활비,원금균등,36,1
52,남,5300,3,전세,514,0,1080,20.9,4700,주택구입,원금균등,36,0
38,남,2500,8,월세,601,0,590,30.5,1500,생활비,원리금균등,36,1
31,남,2600,7,전세,539,0,1180,45.9,2600,전세자금,원리금균등,36,1
42,남,6400,12,전세,698,1,4500,25.8,3900,전세자금,만기일시,36,1
31,남,4300,1,전세,444,2,2860,71.8,1700,사업자금,원리금균등,60,0
56,여,5000,24,자가,859,4,3650,43.8,500,자동차,원금균등,60,1
39,남,4300,2,자가,621,2,2320,47.4,6100,의료비,원리금균등,48,1
34,남,3200,3,자가,412,3,1770,18.0,2900,교육비,원리금균등,60,0
39,남,6000,5,전세,528,2,3150,64.1,1500,생활비,원금균등,36,1
25,여,2200,0,월세,587,4,1150,34.5,4700,주택구입,원리금균등,36,0
29,여,2900,2,월세,633,4,690,31.9,2700,주택구입,원금균등,36,1
48,남,6800,5,자가,491,1,3230,27.8,1700,생활비,원리금균등,48,1
32,남,2700,8,전세,624,0,1030,17.8,3600,전세자금,원리금균등,36,1
28,남,4800,2,전세,402,1,1990,48.5,3000,사업자금,만기일시,24,0
42,남,2700,11,자가,574,1,1250,25.1,2200,주택구입,원금균등,48,1
48,남,7900,20,전세,767,2,1790,38.7,2000,자동차,만기일시,48,1
44,남,4000,10,자가,545,0,1460,30.3,1700,자동차,만기일시,48,1
46,남,4300,19,전세,517,1,800,72.9,4300,생활비,만기일시,24,0
31,남,1800,5,전세,554,0,1320,37.8,1600,전세자금,만기일시,24,0
25,남,2400,1,전세,480,1,530,23.0,2000,교육비,원리금균등,24,0
51,여,3400,10,월세,634,0,1030,26.9,3100,전세자금,만기일시,36,1
35,남,3000,1,전세,464,1,2050,37.3,6200,주택구입,원리금균등,24,0
35,남,3500,4,전세,493,1,1530,37.3,3200,주택구입,원리금균등,36,0
49,여,6000,5,월세,423,1,1380,29.4,4000,주택구입,원리금균등,24,1
43,여,4200,13,월세,620,0,1590,38.0,3100,생활비,원리금균등,24,1
42,여,4200,4,자가,549,2,920,46.4,4700,자동차,원금균등,48,1
57,여,3700,14,자가,511,1,990,70.6,7900,생활비,원리금균등,60,0
32,여,2300,5,자가,563,0,410,32.4,2400,주택구입,원리금균등,12,1
46,남,8000,4,자가,682,0,3300,16.3,3000,생활비,원리금균등,36,1
38,남,3100,6,월세,543,1,1960,25.6,3200,자동차,원리금균등,12,0
40,남,6700,4,전세,608,1,3360,41.7,3900,생활비,원금균등,12,1
51,여,4300,13,자가,629,1,2200,30.9,3200,주택구입,원리금균등,48,1
42,여,3900,2,월세,452,2,1050,59.9,2200,사업자금,원리금균등,48,0
42,남,5900,16,전세,803,1,2100,51.4,2900,전세자금,원리금균등,48,1
47,여,6300,11,자가,580,1,4140,67.2,10100,주택구입,원리금균등,36,1
34,남,3400,9,월세,631,0,680,9.3,3500,주택구입,원금균등,60,1
30,남,2800,4,월세,609,2,1860,56.5,1100,자동차,원리금균등,24,1
28,남,2900,1,월세,522,0,1270,20.2,2400,의료비,원리금균등,24,0
23,여,2400,0,월세,572,1,1560,10.6,3000,주택구입,원리금균등,24,0
56,남,7200,22,전세,701,2,2450,49.1,2700,생활비,원리금균등,48,1
28,여,2600,3,전세,427,0,910,29.7,2800,생활비,만기일시,24,0
36,남,4500,5,전세,543,2,2700,42.8,3400,자동차,원리금균등,24,1
35,남,6000,2,월세,520,1,3720,26.3,3800,사업자금,원금균등,36,0
40,여,4100,10,자가,554,1,1170,57.6,3400,자동차,원금균등,12,1
45,여,4500,12,전세,500,3,3300,79.8,4800,사업자금,원리금균등,12,0
45,여,2600,7,전세,651,1,520,27.2,1400,교육비,만기일시,24,1
32,남,1500,1,자가,648,2,280,54.1,2600,교육비,원금균등,12,0
36,여,3700,7,월세,650,0,1870,16.4,3700,자동차,원금균등,48,1
40,남,4000,3,자가,656,1,2330,12.8,3400,전세자금,원리금균등,36,1
35,여,2800,3,전세,515,0,2030,11.1,2100,주택구입,원금균등,24,1
52,남,5600,17,자가,590,1,2200,16.5,2200,전세자금,원리금균등,24,1
42,남,4200,3,월세,494,1,690,49.9,1900,전세자금,원리금균등,48,1
44,남,6200,2,자가,623,1,3170,44.8,4800,사업자금,원금균등,36,1
43,남,4500,1,자가,568,3,1450,38.5,1100,생활비,만기일시,48,1
48,여,3500,13,자가,593,3,1430,71.5,1500,사업자금,원리금균등,36,1
39,여,4800,9,월세,696,2,2120,35.7,3600,전세자금,원금균등,24,1
26,남,2600,1,월세,563,2,490,42.1,3900,사업자금,원금균등,60,0
41,여,4400,11,전세,531,1,1940,44.9,1300,주택구입,원리금균등,36,1
32,남,2900,3,전세,489,2,1170,34.1,4100,전세자금,원리금균등,24,0
33,여,2500,3,전세,594,1,1440,49.6,3200,주택구입,원리금균등,36,0
43,여,4100,6,자가,654,2,2200,46.8,3800,교육비,원금균등,36,1
49,여,4500,2,전세,599,3,1170,44.6,3100,전세자금,원금균등,24,0
38,남,4500,4,자가,716,2,1230,19.3,3700,주택구입,원리금균등,60,1
40,여,3400,1,월세,669,1,1020,41.3,3700,생활비,원금균등,60,1
53,남,3000,7,전세,600,1,770,28.4,3700,사업자금,원금균등,24,1
40,여,3200,10,자가,514,0,1740,34.7,3300,주택구입,원금균등,36,1
61,남,7600,2,자가,481,0,5670,48.0,2800,의료비,원리금균등,48,0
43,여,3600,5,전세,530,1,1940,27.6,2800,전세자금,원리금균등,24,1
23,남,2400,0,전세,584,1,1230,25.8,3300,주택구입,만기일시,36,0
44,남,6000,10,자가,756,2,2370,46.6,4500,사업자금,원리금균등,48,1
41,여,3000,3,자가,578,3,1010,54.1,8000,주택구입,원리금균등,48,0
49,남,3100,14,전세,694,0,2150,24.8,3900,자동차,원금균등,48,1
44,남,4200,4,전세,542,2,3070,59.4,3600,주택구입,원리금균등,48,0
36,남,3200,8,전세,621,1,1430,34.8,5500,의료비,만기일시,60,0
26,남,2100,2,자가,596,2,680,30.6,3600,사업자금,원리금균등,36,1
36,여,3100,5,전세,397,1,1890,19.4,1700,교육비,원리금균등,60,1
30,남,3700,2,월세,513,1,840,43.6,2000,생활비,원리금균등,12,1
32,여,3000,1,자가,610,3,1820,54.3,7400,주택구입,원리금균등,24,0
43,여,4300,7,자가,599,0,2750,47.2,2000,자동차,원리금균등,12,1
53,남,9100,18,월세,585,0,2040,25.5,3900,사업자금,원금균등,48,1
41,여,3400,3,월세,354,2,2500,42.2,1800,생활비,원리금균등,24,0
27,남,3200,3,월세,517,0,2370,16.4,5700,주택구입,만기일시,48,0
42,남,3600,12,월세,590,0,2560,28.3,2300,주택구입,원리금균등,36,1
48,남,3700,5,자가,491,0,1650,52.8,3100,사업자금,원리금균등,12,1
32,남,2800,4,자가,559,2,830,21.4,2600,주택구입,원리금균등,48,1
36,여,2900,10,전세,619,1,1440,42.7,3800,주택구입,원금균등,60,1
38,여,3900,4,전세,612,0,1560,31.6,3200,주택구입,원리금균등,48,1
30,여,5700,4,월세,388,2,1550,29.7,4700,전세자금,원리금균등,12,0
43,여,3200,3,전세,441,0,1290,24.6,4100,생활비,만기일시,60,0
36,여,2900,5,월세,529,0,1590,13.9,3400,의료비,원리금균등,48,1
41,여,3700,4,자가,602,0,710,15.1,4100,생활비,원리금균등,36,1
30,남,3600,3,월세,590,0,1260,19.9,4200,교육비,원리금균등,36,0
34,남,3800,7,월세,610,0,610,47.7,2400,전세자금,원금균등,36,1
44,여,6000,8,자가,569,1,3590,24.7,2300,주택구입,원리금균등,60,1
34,남,1700,4,월세,510,0,900,47.1,6500,주택구입,원금균등,24,0
53,여,2300,6,자가,494,3,430,33.3,4200,사업자금,원금균등,24,0
34,여,2700,8,자가,628,1,1960,56.6,3600,사업자금,원금균등,60,0
40,남,5700,14,전세,553,1,930,17.0,2000,전세자금,원리금균등,12,1
46,남,2900,11,전세,652,0,1460,41.4,1200,생활비,만기일시,60,1
25,남,1500,2,자가,541,3,920,33.8,2500,교육비,원리금균등,36,0
23,여,2600,0,전세,522,1,1610,31.5,2300,의료비,원금균등,36,0
24,남,2800,0,월세,475,3,470,56.6,2500,전세자금,원리금균등,24,0
49,남,3500,3,전세,441,1,2420,14.1,4500,사업자금,원금균등,60,0
33,남,2600,2,월세,484,0,1820,14.3,6400,전세자금,원리금균등,48,0
61,남,4500,19,자가,613,1,2190,30.0,5200,주택구입,원리금균등,60,1
32,남,3500,0,자가,345,0,1530,54.7,2200,생활비,원금균등,48,0
39,남,3300,7,전세,552,0,580,34.6,3900,전세자금,원리금균등,24,1
51,남,5900,17,자가,717,1,2870,37.3,2300,자동차,원리금균등,36,1
56,남,2300,10,자가,618,1,900,43.5,1100,생활비,원금균등,36,1
56,남,4300,14,자가,573,0,2630,24.8,2800,사업자금,원금균등,36,1
48,남,3400,12,전세,597,4,1330,64.1,5600,교육비,원리금균등,60,0
47,남,4400,11,자가,554,0,2460,46.5,2500,주택구입,원리금균등,36,1
43,여,3400,6,월세,575,0,710,32.2,4500,생활비,만기일시,48,1
