request_id,timestamp,나이,성별,연소득,근속연수,주거형태,신용점수,기존대출건수,연간카드사용액,부채비율,대출신청액,대출목적,상환방식,대출기간,approved,probability,risk_grade,model_version,latency_ms
501d7ce4-560d-41ee-bede-8545040c92bf,2025-04-01 12:29:25,40,남,1900,3,월세,470,1,960,37.8,2800,자동차,원리금균등,24,0,0.1526,D,1.0.0,61.33
c65828c7-8c5f-49bc-88ad-dd54945c2ebc,2025-04-01 12:30:05,32,남,5100,4,월세,531,0,1380,20.9,3800,생활비,원금균등,48,1,0.6441,B,1.0.0,16.7
81a6fb9c-5fc5-4b53-8c30-aa66f54b50df,2025-04-01 14:58:02,37,여,1600,0,전세,309,1,1000,46.3,2400,자동차,원금균등,48,0,0.0622,D,1.0.0,93.32
75c0b780-0aa4-4519-b0e0-9655495278de,2025-04-01 17:13:13,29,남,1600,0,전세,566,4,1040,41.9,1800,생활비,원리금균등,48,0,0.2175,D,1.0.0,47.89
197fca37-48e7-4022-8cc8-5838e2b538f9,2025-04-02 09:51:30,23,남,2700,0,자가,401,2,1850,52.9,9400,교육비,원리금균등,48,0,0.0022,D,1.0.0,20.29
d451b5a9-e801-4eba-821c-45f5f122bc08,2025-04-02 10:04:48,30,여,3100,3,월세,614,2,1840,67.4,4800,자동차,원리금균등,36,0,0.1531,D,1.0.0,116.24
b6448b98-2571-478a-a3cc-161e420f9289,2025-04-02 10:10:20,34,남,2000,0,전세,601,2,910,60.4,3500,교육비,원금균등,60,0,0.1774,D,1.0.0,47.06
303a7d6f-834b-4733-90b0-bd43c394bbbe,2025-04-02 10:12:39,35,남,2600,4,자가,497,1,1110,40.4,11800,교육비,만기일시,48,0,0.0018,D,1.0.0,59.7
26b5df75-9c50-49ab-bec1-03ff870e3255,2025-04-02 10:26:41,24,남,2300,0,월세,495,3,660,61.4,4300,사업자금,원리금균등,60,0,0.0488,D,1.0.0,23.99
8012e3a7-f1e3-4619-b6be-299d0af770a7,2025-04-02 14:51:09,41,여,3100,3,전세,519,1,2240,81.0,6400,주택구입,원리금균등,36,0,0.0771,D,1.0.0,46.06
e259b400-3a5d-4542-b2b8-0f34e52cbf12,2025-04-02 16:11:07,34,여,2200,1,월세,462,1,1510,27.7,3600,생활비,원리금균등,36,0,0.0547,D,1.0.0,54.04
0c871958-29e5-4616-b331-2e17b6810845,2025-04-02 17:04:22,36,여,1400,8,월세,445,2,1090,72.9,5200,전세자금,원리금균등,48,0,0.0036,D,1.0.0,36.14
b8f16881-1f09-432d-9db8-b83f9f218ae2,2025-04-03 09:31:23,23,여,1500,0,전세,382,1,1220,53.7,1700,사업자금,원금균등,36,0,0.0615,D,1.0.0,89.73
360c8a52-a265-411f-b26e-19366c82fda6,2025-04-03 10:12:46,23,남,1900,0,월세,329,5,1060,85.0,2000,전세자금,만기일시,60,0,0.02,D,1.0.0,75.06
3ff65f4e-e770-4af3-be7b-84d2cda6d50e,2025-04-03 10:32:33,47,여,1700,13,전세,480,2,1320,60.0,3500,전세자금,원리금균등,36,0,0.0775,D,1.0.0,92.46
524518f0-35b4-4fc7-84de-2bb322d66fbb,2025-04-03 10:45:01,26,남,3100,0,전세,694,4,990,49.2,3600,자동차,원금균등,24,0,0.3511,C,1.0.0,31.54
365c8dde-2aaf-49e7-bf31-80606cc8690f,2025-04-03 12:04:41,23,남,1200,0,월세,466,4,750,60.0,5400,생활비,원금균등,12,0,0.0002,D,1.0.0,87.51
d09a6c26-ae8d-41f5-ba80-d97ae007449a,2025-04-03 13:04:33,41,여,4000,0,전세,517,5,1790,44.0,3700,생활비,원리금균등,24,0,0.2053,D,1.0.0,12.07
026b6536-8a2e-49ed-ad44-2683f2df409c,2025-04-03 17:47:02,37,남,3000,5,월세,356,1,2100,32.1,4000,생활비,만기일시,48,0,0.0494,D,1.0.0,40.14
1f6a525a-a5d6-439b-9a87-6bfa3c7d8899,2025-04-04 10:26:45,45,남,2300,9,자가,685,1,1810,66.9,2200,생활비,원리금균등,24,1,0.7074,B,1.0.0,44.68
9813bdd7-eb4a-4f5c-a130-7d8363999b48,2025-04-04 12:18:40,25,여,1200,0,전세,349,1,470,31.3,4100,주택구입,원리금균등,48,0,0.0052,D,1.0.0,29.26
d7c21f4a-b088-4601-bb9b-0202945218d5,2025-04-04 12:37:23,41,여,5300,2,자가,668,4,4230,85.0,4000,전세자금,만기일시,60,0,0.2924,C,1.0.0,111.78
876b66db-d4cb-4dad-95e7-d3ce1db7916c,2025-04-04 16:51:12,24,여,2900,0,월세,548,1,2210,29.9,5600,전세자금,원리금균등,36,0,0.1217,D,1.0.0,49.12
9601fcb4-4f15-42d9-b454-329492fccc96,2025-04-05 12:31:32,27,여,1900,1,월세,359,3,1020,52.1,6300,전세자금,원리금균등,24,0,0.0033,D,1.0.0,72.08
b139e4ae-6001-405a-b049-b19b75edf50a,2025-04-05 14:14:15,39,여,2800,1,전세,693,2,1630,48.8,1800,생활비,만기일시,60,1,0.668,B,1.0.0,52.77
fc1153b2-653b-4b01-8d23-0767bc5de546,2025-04-05 16:24:31,28,여,2700,1,월세,402,1,2200,51.5,4400,주택구입,원리금균등,60,0,0.0623,D,1.0.0,41.99
6d1202af-c60c-4541-8e7a-6b858e2ffb29,2025-04-05 17:21:38,35,여,1800,1,전세,533,1,560,41.3,3200,생활비,만기일시,36,0,0.1117,D,1.0.0,104.69
c0d00283-df69-42a3-91d9-70ec8ced21b1,2025-04-06 09:23:41,33,남,2500,3,전세,611,2,870,38.0,2200,생활비,원리금균등,48,1,0.5214,B,1.0.0,50.65
959e6cbc-a8dc-45e7-ae71-ae9db2b41fdf,2025-04-06 09:35:38,25,남,2800,1,월세,380,2,2180,30.8,2100,의료비,원리금균등,36,0,0.1074,D,1.0.0,79.96
9985e2a5-3e2b-46bb-9f30-dce230d2f750,2025-04-06 10:30:51,23,남,1300,0,자가,535,3,630,67.6,2900,생활비,원금균등,48,0,0.036,D,1.0.0,50.29
ad76e1f4-2a2c-4980-8485-c663e2ad484b,2025-04-06 11:11:39,43,남,2500,1,자가,549,0,1290,74.8,2900,생활비,원리금균등,60,0,0.4026,C,1.0.0,29.24
cb20e5e4-d25e-4eac-9bc2-173b24db974a,2025-04-06 13:03:30,39,남,2600,13,전세,395,0,810,23.0,4500,전세자금,원금균등,24,0,0.3197,C,1.0.0,38.02
95f6d143-3654-4e36-8bc8-3d6f0edfc1e6,2025-04-06 13:32:34,30,남,2500,2,월세,467,3,1830,47.8,2900,주택구입,원금균등,60,0,0.1608,D,1.0.0,78.2
7f40e481-0d69-45cc-823a-44f6005de06e,2025-04-06 16:02:24,38,남,1500,14,월세,517,1,1070,26.5,6400,주택구입,만기일시,36,0,0.0057,D,1.0.0,66.88
2b9f7868-8461-4593-bc21-a61172f73838,2025-04-06 16:21:28,37,남,3400,1,월세,522,2,1160,67.7,4400,생활비,원리금균등,36,0,0.1516,D,1.0.0,61.4
c9bba036-e336-4535-a3b3-7d0535eb37ee,2025-04-06 17:07:01,23,여,2800,0,월세,461,2,2270,44.6,3900,자동차,만기일시,48,0,0.0734,D,1.0.0,53.31
5e8a1b22-c1a3-48c5-8390-1fa5288ad1bc,2025-04-07 11:00:30,38,여,2300,3,전세,519,2,890,61.0,1600,사업자금,만기일시,48,0,0.3424,C,1.0.0,42.52
7474b438-96bc-4aaa-bf31-0fe0102a94da,2025-04-07 12:13:17,40,여,2700,1,월세,389,0,1190,69.2,6600,사업자금,원리금균등,24,0,0.0145,D,1.0.0,38.11
9863e21b-3e75-4d46-82dd-da241a6ce79e,2025-04-07 14:54:16,23,남,2800,0,월세,498,0,1920,15.4,4900,교육비,원리금균등,24,0,0.1164,D,1.0.0,61.3
5d8b6925-1c37-419b-a845-e45558f3a660,2025-04-07 15:23:53,28,여,2200,1,자가,596,1,1100,54.8,10200,전세자금,원리금균등,36,0,0.0037,D,1.0.0,33.43
1cb85840-92e6-4b9b-a2a3-e53e3906db48,2025-04-08 13:05:12,23,여,1600,0,월세,542,3,970,77.5,1700,생활비,원리금균등,24,0,0.0804,D,1.0.0,46.21
1f828395-8371-434c-802e-ab1bf9e02792,2025-04-08 15:45:18,35,여,2100,0,전세,377,2,1290,38.3,1900,전세자금,원리금균등,36,0,0.1832,D,1.0.0,43.78
c58424ae-c803-46c9-8833-e86c93868f4d,2025-04-08 17:33:28,37,여,1900,1,전세,413,2,1280,53.1,4400,교육비,원리금균등,24,0,0.0152,D,1.0.0,60.11
0b9ac7ba-ca40-4087-b0a1-b0fe5afa3e00,2025-04-09 09:26:30,25,남,1600,0,전세,383,2,690,75.0,1900,생활비,원리금균등,36,0,0.0732,D,1.0.0,51.23
727d35fa-5372-4056-b416-9a7feabb47a3,2025-04-09 11:16:31,33,남,4200,6,전세,431,3,3230,64.3,2200,교육비,원리금균등,60,1,0.5543,B,1.0.0,52.22
c3ed82d0-c191-4821-bdf4-d0d447a3c783,2025-04-09 12:24:33,41,여,1700,6,전세,536,3,590,36.9,6700,사업자금,원리금균등,36,0,0.0034,D,1.0.0,61.0
0faa6a7a-384b-4151-901a-deef1e71fea5,2025-04-09 14:32:55,35,남,3200,2,전세,381,1,2320,17.2,3000,교육비,원금균등,36,0,0.1654,D,1.0.0,61.01
dff63efa-c438-48a7-9e1b-2f6d879bcb73,2025-04-09 15:04:33,30,남,2600,4,전세,434,0,2050,61.3,4300,교육비,만기일시,48,0,0.1134,D,1.0.0,25.71
f4175ff1-dd79-433e-a9aa-f56a03b07f3e,2025-04-09 15:28:51,39,남,2700,3,전세,504,3,760,73.7,6400,전세자금,원리금균등,60,0,0.0319,D,1.0.0,33.44
d5d9a02a-748f-4bc8-b612-81bc7bbd4f48,2025-04-10 13:02:27,23,여,1600,0,월세,352,1,960,28.4,2100,생활비,원리금균등,36,0,0.1037,D,1.0.0,96.33
4f8b4b7f-b48a-44e1-aa72-eba81fa050fd,2025-04-10 14:14:09,26,여,1400,1,월세,438,5,700,50.5,7200,사업자금,만기일시,48,0,0.0001,D,1.0.0,45.51
0cc4cd79-3c74-4985-ba05-48c0d729310b,2025-04-10 14:29:39,37,남,4800,2,전세,593,1,2710,36.8,7200,의료비,원금균등,36,0,0.2113,D,1.0.0,63.79
9e3c51a9-154e-42f9-aaf0-84ccaf0d1065,2025-04-10 17:26:52,31,남,2100,6,월세,501,1,860,44.8,4400,전세자금,원리금균등,48,0,0.0804,D,1.0.0,34.75
4040719d-65e4-42ac-b328-bcd272502066,2025-04-10 17:44:16,33,여,1700,1,전세,356,1,1310,30.9,5600,주택구입,원리금균등,60,0,0.0108,D,1.0.0,51.04
58570a02-d34f-4a2e-b549-9f5858651392,2025-04-11 10:08:46,23,여,2500,0,월세,458,1,1540,31.8,3100,의료비,원금균등,36,0,0.2177,D,1.0.0,119.93
10d8350b-8e28-4535-b9d1-4eba016b7411,2025-04-11 17:58:33,23,남,2500,0,월세,484,2,1500,53.4,2900,의료비,원금균등,24,0,0.0989,D,1.0.0,73.17
a53faa3c-63fd-4d47-8fbf-fa603d429b50,2025-04-12 09:58:05,42,여,4400,5,전세,565,1,2770,68.5,4200,사업자금,원리금균등,36,0,0.4834,C,1.0.0,74.07
be44b0a9-ae70-4145-9719-b1ffaaebbec3,2025-04-12 10:24:22,33,여,1300,0,전세,474,0,570,42.1,2300,의료비,원리금균등,24,0,0.1193,D,1.0.0,35.29
2b67cce3-7062-4c42-a988-3c03f58bf775,2025-04-12 12:06:19,43,여,5700,13,자가,623,2,3800,57.6,4100,생활비,원금균등,60,1,0.5716,B,1.0.0,55.35
694bb133-5fc4-414c-b690-77b0be28387f,2025-04-12 13:29:56,36,남,4100,3,전세,537,1,1800,39.4,4800,사업자금,만기일시,48,0,0.2064,D,1.0.0,13.72
8b815afc-d786-42d4-bab8-d2e21f285d91,2025-04-12 14:26:45,26,여,1300,1,월세,453,0,670,17.7,3000,자동차,원금균등,60,0,0.0732,D,1.0.0,19.47
374a3c4d-9985-48c7-9d2f-3146d82a1384,2025-04-12 14:26:46,36,여,4000,2,월세,654,1,1440,45.1,4500,전세자금,만기일시,36,0,0.313,C,1.0.0,69.8
93fbecbf-5f8f-4096-a8c4-3f6de73ee59b,2025-04-12 17:30:24,31,남,2000,5,월세,530,0,1100,15.4,2000,사업자금,원리금균등,48,0,0.456,C,1.0.0,58.32
2e3b5da2-9341-484b-b895-3c26a68dcec4,2025-04-12 17:36:38,23,여,2400,0,월세,407,4,1930,58.1,3600,생활비,원리금균등,36,0,0.0334,D,1.0.0,41.8
9c7452ee-1309-4ff3-b62e-08a97ed2c839,2025-04-12 17:46:17,41,남,4100,4,자가,625,0,1760,12.9,2700,주택구입,원리금균등,24,1,0.7745,A,1.0.0,43.02
8e39bf9e-22b6-4f20-8604-7a5ac01baa7e,2025-04-13 12:21:36,29,남,3700,1,월세,555,2,920,64.2,4200,생활비,만기일시,36,0,0.223,D,1.0.0,26.4
e01cdfbc-3220-4d3a-8acc-2b3c801efc81,2025-04-13 12:45:53,44,여,1300,1,자가,544,2,950,38.7,2700,생활비,원리금균등,48,0,0.1311,D,1.0.0,55.35
b5b09ed0-890a-4754-a50c-86e8ed33f287,2025-04-13 15:11:21,32,남,4100,1,자가,432,0,3140,66.8,2600,생활비,원금균등,48,0,0.4116,C,1.0.0,111.45
753744e2-461d-480e-8be2-e948bba84349,2025-04-14 11:24:14,30,남,1600,3,월세,533,4,450,50.3,4000,자동차,원리금균등,60,0,0.0146,D,1.0.0,88.58
77c1e3b2-c9d8-4642-b98d-2f2756f6e311,2025-04-14 13:43:07,41,남,1800,6,월세,472,1,780,41.9,1800,전세자금,원금균등,48,0,0.1414,D,1.0.0,59.89
43c81d6a-50b2-41d0-b756-995675177ef2,2025-04-14 14:23:26,23,여,1200,0,월세,563,0,800,64.2,1900,자동차,원금균등,48,0,0.1285,D,1.0.0,24.71
aec8d1da-7844-4aaf-96a3-d6f7da6ff886,2025-04-14 16:05:46,31,남,1800,4,자가,649,2,680,43.2,8400,생활비,원리금균등,48,0,0.0053,D,1.0.0,32.27
cb63e1a6-fc91-49ea-a003-28c224fea5c1,2025-04-14 17:30:41,23,여,1600,0,월세,605,2,770,34.3,3000,사업자금,원금균등,60,0,0.1341,D,1.0.0,39.51
e5a39823-7d73-4172-887c-347f656741b5,2025-04-15 11:18:08,46,여,5200,10,자가,624,0,2700,38.0,7100,생활비,원리금균등,60,1,0.6907,B,1.0.0,43.37
0bee4dea-f0b0-44e9-a72c-e3a25d7f275c,2025-04-15 12:55:53,49,여,1900,10,월세,532,2,860,24.6,4200,생활비,원리금균등,24,0,0.1006,D,1.0.0,21.58
8faebc5b-fc4b-43ed-8f6c-ec9ef976df5d,2025-04-15 14:11:32,46,남,2800,1,전세,608,1,2160,28.4,3900,생활비,만기일시,48,0,0.3001,C,1.0.0,35.38
72866d41-1335-49a5-9bfb-6ac19f3dfb9c,2025-04-15 16:40:23,30,남,3000,1,월세,540,0,1170,25.1,4300,생활비,원금균등,36,0,0.2272,D,1.0.0,102.11
a67afd80-61c3-47e4-9a5b-437f88159f1e,2025-04-16 09:09:52,23,남,1900,0,전세,557,1,1530,29.3,4600,사업자금,원금균등,60,0,0.0519,D,1.0.0,51.21
14886490-3181-4a29-a05d-7b3f4049b5fa,2025-04-16 10:00:37,39,남,2800,3,월세,751,3,1090,54.4,5200,전세자금,만기일시,48,0,0.2234,D,1.0.0,61.25
07d8c151-e39c-47c3-887c-ae6634451ffc,2025-04-16 11:12:28,34,여,1200,2,월세,466,3,950,42.9,1100,의료비,원리금균등,48,0,0.2144,D,1.0.0,66.33
adcd25b0-b6fe-4621-859a-8853b0bf1003,2025-04-16 12:46:08,23,여,1800,0,월세,532,1,780,34.3,1700,전세자금,원리금균등,36,0,0.3801,C,1.0.0,144.81
6dda53af-ade2-43b1-8746-bf1bafd76b9b,2025-04-16 15:21:12,29,남,1800,1,월세,585,2,560,57.7,5800,의료비,만기일시,24,0,0.0087,D,1.0.0,64.35
7417dc07-9fa5-4a47-b2cd-a27a4fe74e70,2025-04-16 17:38:21,30,남,2400,0,자가,452,2,1360,61.0,1600,생활비,원리금균등,36,0,0.3593,C,1.0.0,33.93
95db04a5-077c-44a1-859a-63c093ee1468,2025-04-16 17:40:22,30,여,2500,2,전세,412,0,1460,57.1,3200,생활비,만기일시,24,0,0.0862,D,1.0.0,63.91
a2794821-d5cf-4de7-881a-9644ce6f0b81,2025-04-17 09:40:24,25,남,3500,0,월세,513,1,1140,53.7,2300,의료비,만기일시,24,0,0.2086,D,1.0.0,38.33
753532cf-d4fe-476f-9b7a-eeb784e4f2e7,2025-04-17 11:19:53,48,여,4000,7,전세,515,3,3380,41.0,2200,전세자금,만기일시,36,0,0.3484,C,1.0.0,35.43
6ec913ab-86ae-4cb1-a47b-8802e1b9ee8c,2025-04-17 11:35:19,38,남,2200,0,전세,472,0,1810,13.9,5700,주택구입,원리금균등,24,0,0.0407,D,1.0.0,124.48
32b03c93-9f77-4f3f-9f53-34f22a87491c,2025-04-17 17:44:50,35,남,6600,2,월세,552,2,4760,49.1,3500,자동차,만기일시,36,0,0.246,D,1.0.0,66.66
b696770d-dcd0-465d-a5dc-d22d5d3efb02,2025-04-18 14:05:44,33,남,4600,0,월세,583,3,3800,69.3,4300,생활비,원금균등,48,0,0.1178,D,1.0.0,41.15
f86a9ab9-e06b-40f4-a575-5aeca657ffa0,2025-04-18 15:13:43,38,남,3500,9,전세,630,0,2430,40.7,7300,주택구입,원리금균등,60,0,0.1866,D,1.0.0,53.26
4be3ff44-a71e-4ebb-9e7d-bdb653d09afd,2025-04-18 15:18:30,47,여,3800,0,전세,516,0,1700,26.7,3500,의료비,원리금균등,48,0,0.3951,C,1.0.0,54.64
3b1d41b5-8968-4f32-93c0-8d04bd9ba643,2025-04-18 17:28:24,41,여,11400,0,전세,564,1,3550,15.5,4800,의료비,원리금균등,48,1,0.7631,A,1.0.0,41.76
df9a39e5-a92f-40a0-8624-54b71de73e99,2025-04-19 11:29:39,37,남,3600,3,월세,596,3,2620,44.1,3500,자동차,만기일시,36,0,0.113,D,1.0.0,11.52
8e5afb02-ae3a-4f82-a3bd-37347bc106be,2025-04-19 13:42:42,30,여,2300,5,월세,466,2,1600,69.0,4700,주택구입,원리금균등,24,0,0.038,D,1.0.0,38.32
969513bc-01ea-4242-9ebc-5a7f77ecff39,2025-04-19 16:22:24,39,여,3100,4,월세,456,1,1700,35.5,7300,자동차,원리금균등,12,0,0.0659,D,1.0.0,34.84
0d97f7e3-3191-4679-9077-460ca058d628,2025-04-19 17:18:07,28,남,3000,2,월세,674,0,1550,55.7,5100,교육비,원금균등,48,0,0.2255,D,1.0.0,92.54
93208c7f-7cb2-4fd3-aff1-e633e405da41,2025-04-20 12:42:05,23,남,2100,0,월세,515,1,740,53.2,1400,자동차,만기일시,36,0,0.1661,D,1.0.0,72.36
f4fbefcc-db26-4c33-b461-5c03ef9645c9,2025-04-20 15:45:31,43,남,2500,2,자가,537,0,1900,13.1,4600,생활비,원리금균등,36,0,0.2524,C,1.0.0,125.38
c28a6f53-8252-4b80-98db-3fe2842a4939,2025-04-20 16:57:34,23,여,1500,0,전세,494,1,590,77.2,14500,자동차,원리금균등,36,0,0.0,D,1.0.0,21.35
132ffdc8-65d4-4822-b3a7-db5841e628e5,2025-04-21 10:19:09,40,여,3800,5,월세,576,0,1860,49.2,4700,자동차,원금균등,48,0,0.2843,C,1.0.0,38.6
ff5e5946-3026-4fae-b9e7-c4d8c49d2b56,2025-04-21 11:09:04,23,여,1200,0,월세,456,2,970,37.3,2500,주택구입,만기일시,24,0,0.0148,D,1.0.0,56.54
0be6b5f6-865d-452e-92a6-0ac7c2671fb8,2025-04-21 15:36:58,35,남,5000,8,전세,436,2,2190,79.6,12500,주택구입,원리금균등,36,0,0.0295,D,1.0.0,33.82
01e24911-b371-40c1-9172-649da32d5579,2025-04-21 16:41:18,23,남,1600,0,전세,378,4,1270,49.4,4700,생활비,원리금균등,36,0,0.0046,D,1.0.0,82.78
a9d3d422-e6a8-4e7d-b5ab-57aaba7b174c,2025-04-22 14:09:33,32,여,3800,3,자가,642,1,1100,45.8,3900,자동차,만기일시,60,0,0.388,C,1.0.0,26.31
ca71452d-8ddf-4e3a-97e5-a83442247876,2025-04-22 15:08:09,23,여,1600,0,전세,434,2,1190,85.0,4800,의료비,원리금균등,48,0,0.0044,D,1.0.0,78.53
7fbe80c0-5f29-4c23-a7af-d2742a026f7c,2025-04-22 16:41:34,36,남,4400,2,전세,565,5,1150,73.1,4400,생활비,원리금균등,36,0,0.2731,C,1.0.0,110.99
35529336-0fa8-4e98-940c-4143cd11de44,2025-04-23 12:44:00,24,남,1400,1,전세,457,0,690,56.9,2400,자동차,원리금균등,36,0,0.0737,D,1.0.0,35.9
7421392b-fcd8-4fef-bc89-0923318e490c,2025-04-23 12:56:41,33,남,2600,6,월세,396,0,900,38.7,7700,주택구입,원리금균등,12,0,0.0243,D,1.0.0,36.45
372ea5c4-f56a-4457-acfc-6fa51b49d326,2025-04-23 14:17:06,29,여,1400,0,전세,629,4,1080,40.2,3800,교육비,만기일시,60,0,0.0139,D,1.0.0,64.48
10cd3ed4-0ad0-4faa-8e5f-547a078d2a6d,2025-04-23 14:52:27,38,여,2900,6,월세,626,3,2030,55.0,4900,전세자금,원금균등,60,0,0.1369,D,1.0.0,63.67
c8dbf81a-101f-45db-9c07-a776a966420b,2025-04-23 14:58:16,35,여,2000,3,월세,426,4,770,59.6,3700,생활비,원리금균등,36,0,0.0406,D,1.0.0,54.14
923f8ed4-fb80-460a-a62c-5526d7cabf91,2025-04-23 15:41:14,27,남,2500,0,전세,389,2,1980,40.1,6600,전세자금,만기일시,60,0,0.0085,D,1.0.0,46.12
742ace6d-459e-4758-9ba5-ca0ac8f3e207,2025-04-24 09:57:21,37,남,3600,3,전세,499,0,2030,28.1,2800,의료비,만기일시,60,0,0.266,C,1.0.0,38.0
fc1834e3-6de5-4da0-9acc-24682b6b0346,2025-04-24 10:21:45,45,여,4400,2,전세,533,2,1430,59.5,2300,주택구입,원리금균등,36,1,0.5646,B,1.0.0,21.08
ca3375e1-4149-4e50-8eca-205cb0d20c60,2025-04-24 11:28:36,23,남,2300,0,전세,569,3,800,51.7,2400,주택구입,원금균등,48,0,0.2284,D,1.0.0,36.95
466a70ab-f128-4eb8-accb-d68bcfd5f729,2025-04-24 12:38:17,26,여,1800,0,자가,460,2,1410,50.9,5400,의료비,원리금균등,48,0,0.0253,D,1.0.0,60.97
2de87c29-909d-4e36-966d-fd5b9c7c1fff,2025-04-24 13:27:24,36,남,2400,6,전세,451,1,1810,44.1,4300,주택구입,원리금균등,12,0,0.2228,D,1.0.0,41.97
7d87b27b-b807-4721-98e0-a0c442e9d68b,2025-04-24 14:08:19,34,여,2700,2,전세,521,2,1730,85.0,3200,자동차,원리금균등,60,0,0.185,D,1.0.0,38.42
91918856-84b5-4fb5-be87-22dbdcb380fd,2025-04-24 15:00:49,45,여,1800,7,전세,573,1,830,46.5,2200,자동차,원리금균등,48,0,0.42,C,1.0.0,81.51
700e7284-7445-4f7e-81bb-dc7670c6a341,2025-04-25 09:29:29,25,남,2000,0,자가,706,0,990,42.6,7700,자동차,원금균등,48,0,0.0354,D,1.0.0,38.72
1fab1b99-6c8f-48e6-a1c5-c38887844108,2025-04-25 10:24:25,37,남,3700,6,월세,408,1,3110,31.4,4200,교육비,원리금균등,60,0,0.254,C,1.0.0,34.45
d4d5b662-845f-4ce4-ae03-7ecc9e6470f2,2025-04-25 11:22:47,30,남,1400,5,월세,557,1,970,29.4,5000,사업자금,원리금균등,36,0,0.0107,D,1.0.0,48.87
4c70be3c-5803-4291-9fea-b11654210177,2025-04-25 13:09:00,40,남,3100,13,월세,642,1,1120,44.3,3900,자동차,원리금균등,36,0,0.4791,C,1.0.0,17.59
382913b3-d431-4255-bfe4-e071cd87744d,2025-04-25 17:08:07,35,남,3400,1,전세,548,3,2870,29.0,6100,사업자금,원금균등,24,0,0.0975,D,1.0.0,31.18
3fa9d2b2-d599-4d12-a6ff-cfc388a5e258,2025-04-26 10:55:04,34,여,1900,3,월세,417,0,780,34.6,3400,사업자금,원리금균등,36,0,0.1211,D,1.0.0,59.96
15448e3c-12ae-454e-9745-d82c51ec96f3,2025-04-26 11:52:30,23,여,2200,0,월세,592,2,830,50.7,3300,주택구입,만기일시,60,0,0.1416,D,1.0.0,90.98
4b94ddd1-535e-4f13-8ce0-599918b50785,2025-04-26 13:11:43,30,남,2400,0,월세,563,3,1420,45.8,3300,생활비,원리금균등,36,0,0.0792,D,1.0.0,96.09
6a8c2d46-be19-4419-bd5d-dd7ef761d161,2025-04-26 13:56:06,27,여,2000,1,월세,467,1,970,61.7,3700,자동차,원금균등,36,0,0.0805,D,1.0.0,88.37
5ba8f74d-d12c-4166-9f03-6547e85456e3,2025-04-26 13:56:11,23,여,2000,0,월세,433,1,1330,71.8,2900,사업자금,원금균등,36,0,0.0249,D,1.0.0,103.0
ebdef11a-7cb7-49e1-9137-0d59025f4f27,2025-04-26 14:13:04,23,남,3200,0,전세,355,2,2030,40.7,7600,사업자금,원금균등,48,0,0.0232,D,1.0.0,41.44
849211f0-5cf9-4d6e-bba3-3210270cbd01,2025-04-26 14:20:43,23,남,1900,0,월세,403,3,1520,67.1,6100,교육비,원리금균등,36,0,0.0031,D,1.0.0,44.39
06634319-2ebc-41ab-9338-489df0804df3,2025-04-26 14:43:18,23,여,1800,0,전세,528,3,900,68.6,1800,사업자금,원리금균등,36,0,0.164,D,1.0.0,40.63
7f70944a-f7f7-41af-8414-aceb29765fb3,2025-04-26 16:25:19,36,여,3000,6,자가,485,0,900,67.9,7800,교육비,원리금균등,48,0,0.1236,D,1.0.0,23.14
98a1dc4d-443a-4a70-b970-15c2bc806eb4,2025-04-26 16:44:26,42,남,4300,9,자가,513,2,3520,49.2,4400,생활비,원금균등,24,0,0.3283,C,1.0.0,32.35
1baf21ea-4bfc-465f-a8a4-e9131255c08b,2025-04-26 16:48:15,37,남,5200,2,월세,522,1,3770,38.8,2800,사업자금,만기일시,60,0,0.411,C,1.0.0,31.91
839b0c4f-2544-4ea4-8a64-92e70f90ba35,2025-04-26 17:41:35,32,남,2200,3,자가,350,1,1510,72.9,3500,생활비,원리금균등,36,0,0.0756,D,1.0.0,143.96
f83deb9c-f2de-43bf-b4e3-e41ca81306c5,2025-04-27 09:14:46,31,남,2900,6,월세,574,1,1000,53.9,3300,생활비,원리금균등,48,1,0.5153,B,1.0.0,68.74
6febcc33-b0dd-4936-8863-f0a19396c2b0,2025-04-27 11:14:04,27,남,4200,0,전세,465,2,2050,54.2,3900,생활비,원리금균등,60,0,0.2392,D,1.0.0,57.99
db186050-0886-4595-a62f-34b7491031b2,2025-04-27 11:23:42,39,남,3000,4,전세,516,1,2510,63.8,1500,전세자금,원리금균등,36,0,0.4641,C,1.0.0,27.06
7fc9cb56-17c1-440f-8c2c-6f8ce653d6a3,2025-04-27 11:53:33,26,여,2300,2,월세,496,2,1390,50.2,7400,사업자금,만기일시,60,0,0.0057,D,1.0.0,23.26
29444231-ab1a-4f57-8722-de4ff3792128,2025-04-27 12:07:28,33,여,2300,5,전세,391,1,790,32.7,3500,생활비,원리금균등,48,0,0.083,D,1.0.0,52.23
281e83be-4389-4b32-b24e-85ae3a0130c5,2025-04-27 12:26:50,43,여,5400,13,자가,475,2,3600,82.8,2700,생활비,원금균등,48,0,0.3885,C,1.0.0,57.3
990f99c9-886b-4a38-bd8e-3ed6b039d6d4,2025-04-27 12:30:36,37,남,1500,3,월세,518,2,660,62.7,5600,생활비,만기일시,48,0,0.0031,D,1.0.0,40.71
019aba1c-f904-462d-8b66-3c4e6f88cbb7,2025-04-27 15:07:46,27,남,2900,0,자가,492,3,960,50.7,5100,사업자금,원리금균등,60,0,0.057,D,1.0.0,87.27
a8bccbc1-894c-459c-b7f5-1ad448e5005a,2025-04-27 16:59:32,27,여,3500,2,월세,404,1,1480,46.2,7900,자동차,원리금균등,36,0,0.0396,D,1.0.0,69.81
8d54358f-f970-49e8-a6c1-bb9461f7f363,2025-04-28 10:04:26,43,남,3300,6,자가,564,4,1980,38.0,1900,생활비,원금균등,60,0,0.4917,C,1.0.0,31.25
645cd886-2f61-456e-9c9d-8c46cbce1156,2025-04-28 13:29:10,31,남,3100,1,전세,413,0,2610,40.8,4200,사업자금,원리금균등,48,0,0.1288,D,1.0.0,22.52
d69cc490-33a2-4dc7-ba01-e237590fa9e9,2025-04-28 14:06:49,39,남,3000,7,전세,553,2,1320,51.4,1000,생활비,원리금균등,24,1,0.6676,B,1.0.0,25.67
de08248e-b0a6-4db5-b9ac-b9a64234d601,2025-04-28 14:43:25,32,여,5000,1,월세,444,2,2820,85.0,6200,전세자금,원금균등,36,0,0.0689,D,1.0.0,50.06
38fd10f4-69ca-4a41-a915-2ab7a812a799,2025-04-28 16:21:42,33,여,2700,0,전세,566,4,710,54.2,5200,사업자금,원리금균등,36,0,0.0793,D,1.0.0,133.64
8f487be0-9a04-4d0b-b495-7ee6d2fc5c1b,2025-04-28 17:30:22,32,남,5300,1,전세,600,1,1770,59.6,1800,의료비,원리금균등,48,1,0.7609,A,1.0.0,31.24
509ca962-f33b-471b-82ab-b8dba4b4d510,2025-04-29 09:31:20,23,남,2500,0,월세,488,0,730,30.3,1900,자동차,원리금균등,24,0,0.4007,C,1.0.0,51.08
70ee9b76-5d59-4f73-a42f-d6357f0363f1,2025-04-29 09:31:34,27,남,1200,1,월세,429,1,460,61.7,1700,자동차,원리금균등,48,0,0.1035,D,1.0.0,12.65
724efb62-94f7-416e-b1bc-f9ce7c319362,2025-04-29 13:59:28,28,남,1800,1,월세,528,3,1030,56.2,6200,사업자금,원금균등,36,0,0.0063,D,1.0.0,48.63
d6723913-beb0-48ab-82ff-c009d240716f,2025-04-29 14:57:56,30,여,2000,0,전세,500,2,1220,67.6,6100,사업자금,원금균등,60,0,0.0258,D,1.0.0,72.34
27248879-85f5-44f2-bb21-f6b50c5647ca,2025-04-29 16:38:09,39,여,3200,4,전세,692,3,2570,57.4,5800,사업자금,원리금균등,48,0,0.291,C,1.0.0,66.38
0267f1b4-9029-44ec-a8af-fc8871e452f6,2025-04-29 17:10:44,33,여,2600,3,전세,448,2,790,36.7,1200,생활비,원리금균등,48,0,0.4298,C,1.0.0,151.39
b6fb3f48-7f91-4ac7-b1dc-7f7e7e5a8943,2025-04-30 10:38:21,25,여,3700,0,전세,541,3,2900,47.0,4000,생활비,원리금균등,36,0,0.1578,D,1.0.0,29.91
4f72f3bf-791f-408b-98d2-8cdd4e5dabbf,2025-04-30 11:58:08,33,여,2700,1,월세,604,3,1690,66.8,4000,사업자금,원리금균등,36,0,0.099,D,1.0.0,46.17
8d247cbd-9e9b-48e7-8119-5ebf9edf37fe,2025-04-30 12:10:05,40,남,2700,1,자가,366,1,1820,34.0,2200,생활비,원금균등,60,0,0.1468,D,1.0.0,38.26
fd361c10-b4b8-4920-acb7-4679e75720b7,2025-04-30 12:39:59,33,여,3400,0,전세,521,3,2370,80.0,3500,생활비,원리금균등,24,0,0.1866,D,1.0.0,89.22
d175281f-4374-47f2-a286-484122ad7adf,2025-04-30 13:36:53,31,남,2200,2,자가,461,1,1280,51.5,7300,자동차,원금균등,48,0,0.011,D,1.0.0,28.22
19600b44-73b2-4b1f-a0f0-9c10e31f4347,2025-04-30 13:38:36,47,여,1500,7,전세,588,2,760,53.7,1700,사업자금,원리금균등,48,1,0.5023,B,1.0.0,79.24
8078956b-9f22-41f3-aa5e-5ae729ca0b44,2025-04-30 16:55:49,23,여,1400,0,월세,537,1,410,29.0,4000,생활비,원금균등,36,0,0.0203,D,1.0.0,57.9
d3a55a23-d5b4-4ed4-9b98-77ad9d7ce99e,2025-05-01 09:40:04,35,여,3100,7,전세,521,0,1220,66.9,3600,자동차,원리금균등,60,0,0.4901,C,1.0.0,52.72
436ecb21-dcc1-438d-9a1d-1711638c7fe6,2025-05-01 10:19:22,33,남,3400,7,월세,384,3,910,68.8,4600,의료비,원금균등,36,0,0.0892,D,1.0.0,24.57
efd1d111-819a-43bf-a06b-a6520496639b,2025-05-01 10:19:52,37,남,4900,4,전세,481,1,3930,29.2,6100,생활비,원리금균등,48,0,0.3932,C,1.0.0,85.69
eea73a45-e51c-41d4-95d5-5797532dd2cd,2025-05-01 13:38:36,25,남,1700,0,전세,594,1,820,54.9,15200,주택구입,원금균등,48,0,0.0,D,1.0.0,66.46
3d48dbc9-fec0-4cd9-bd7e-367f4058f95b,2025-05-01 13:44:23,40,남,2300,8,전세,589,1,1310,33.2,4500,자동차,원리금균등,36,0,0.2364,D,1.0.0,81.63
fdc2a9da-8048-425d-bd92-9541e022aa0d,2025-05-01 14:09:29,30,여,1800,2,월세,505,0,1430,80.1,4800,교육비,원금균등,36,0,0.0377,D,1.0.0,37.75
da8e1ad9-1b3b-4ed4-8ad8-a73eab152081,2025-05-01 15:36:20,24,남,1400,0,전세,508,1,1070,17.0,3000,의료비,만기일시,36,0,0.0406,D,1.0.0,84.5
89638dc1-211b-41c6-aa6d-f9d79f089577,2025-05-02 09:36:33,36,여,3700,1,월세,399,4,2550,76.1,2800,의료비,만기일시,60,0,0.0858,D,1.0.0,45.95
bd51a95e-18be-43b9-931b-cccc4c8f1343,2025-05-02 10:10:27,43,남,5600,1,자가,529,0,1940,11.1,5500,생활비,원리금균등,48,1,0.7269,B,1.0.0,74.15
e1de7e43-6305-4301-9055-ae58d0b4a09b,2025-05-02 11:03:07,43,여,5500,2,자가,436,0,1740,22.8,6000,사업자금,원금균등,24,0,0.2591,C,1.0.0,56.79
8110906a-17a8-414a-9537-f8047ca43640,2025-05-02 13:20:48,37,여,3200,2,월세,399,0,2680,58.3,1500,생활비,원금균등,48,0,0.1946,D,1.0.0,40.46
a43e83bf-f770-467f-9f44-809f32202511,2025-05-02 15:18:00,26,남,2400,2,전세,485,3,1030,48.7,5800,전세자금,원리금균등,48,0,0.0576,D,1.0.0,63.28
0c050f8e-ad6e-41bf-8fbe-1faaabfa74ca,2025-05-02 15:57:58,46,여,3100,4,월세,488,2,2540,64.7,3500,사업자금,원금균등,36,0,0.1908,D,1.0.0,31.58
a44798bc-40bd-4d5e-a9a2-42a086a8049a,2025-05-02 16:23:31,45,남,3900,4,전세,612,1,2130,78.9,5300,생활비,원리금균등,12,0,0.2869,C,1.0.0,26.8
9bc389e8-8830-481f-90c5-8f5e43f57837,2025-05-02 17:24:13,26,여,2100,1,전세,659,2,1300,46.7,4600,생활비,원리금균등,60,0,0.084,D,1.0.0,52.49
252ad5cf-ab53-419b-861f-72c64728b1a1,2025-05-02 17:39:33,38,여,5500,5,자가,630,5,4070,77.9,3200,주택구입,원리금균등,12,0,0.4205,C,1.0.0,62.95
83296727-821f-4503-894c-d6507a9dce50,2025-05-03 10:58:01,39,여,1800,7,전세,300,2,620,52.8,3200,사업자금,원리금균등,60,0,0.036,D,1.0.0,36.14
7e7b213d-8f7b-45d9-97ff-27c35017096b,2025-05-03 12:39:11,34,남,3700,1,전세,517,3,1620,46.3,800,자동차,원리금균등,36,1,0.5719,B,1.0.0,115.21
33233946-14e9-4ab9-8794-b104fa3f73d3,2025-05-03 12:54:28,35,남,2700,3,월세,422,4,2240,61.4,7300,생활비,원리금균등,36,0,0.0046,D,1.0.0,52.9
91965c48-7ac6-46c7-8b8e-3ae1e43cb944,2025-05-03 17:32:01,38,여,1700,2,자가,687,0,960,22.2,2600,사업자금,만기일시,36,0,0.3436,C,1.0.0,20.77
ae7ed013-40cb-427f-b702-13340f9f2608,2025-05-04 09:59:49,27,남,1600,0,전세,437,1,650,49.7,3200,의료비,만기일시,48,0,0.0486,D,1.0.0,40.51
3306729d-a947-4b31-8df4-46273fe0d00b,2025-05-04 10:21:47,30,남,1800,4,전세,475,2,1130,26.5,5200,전세자금,원리금균등,12,0,0.0325,D,1.0.0,43.46
d652c11c-4e50-4fdf-a079-b3ae0c6ef12b,2025-05-04 10:34:49,23,남,1800,0,전세,464,1,1190,58.1,7700,사업자금,만기일시,48,0,0.001,D,1.0.0,18.12
68ce367a-4c04-433e-8c6b-5b03721fcace,2025-05-04 14:33:04,37,여,3300,2,전세,424,1,1030,30.0,5600,자동차,원리금균등,48,0,0.0908,D,1.0.0,97.67
5573adda-facb-4610-b3dc-e7bffb1ee8a4,2025-05-04 16:13:48,23,남,1200,0,월세,418,1,440,40.6,1600,전세자금,원금균등,60,0,0.2216,D,1.0.0,50.85
4e1cc59e-0c7c-446d-8b54-3118f2db53cf,2025-05-04 16:36:24,58,여,6100,3,자가,545,2,3470,28.8,3600,전세자금,만기일시,60,0,0.301,C,1.0.0,63.71
57521553-d79a-413d-91bf-d5fdc09d75ae,2025-05-04 17:02:24,28,여,2300,1,월세,547,3,1230,27.0,1300,의료비,원리금균등,24,0,0.4783,C,1.0.0,52.92
557d255e-7773-450f-b22d-c31422409885,2025-05-05 09:25:54,30,남,2300,0,전세,515,1,600,38.3,2400,주택구입,원금균등,60,0,0.2818,C,1.0.0,66.87
7f5367ef-3320-4136-8109-f6fb2052f09c,2025-05-05 09:26:00,23,남,3000,0,전세,456,1,1260,40.0,2800,생활비,원금균등,36,0,0.2552,C,1.0.0,28.45
af56943f-6fd0-4a57-b965-0d596c7237ca,2025-05-05 09:41:41,27,남,2600,3,전세,607,2,1890,47.8,6400,전세자금,원리금균등,60,0,0.0881,D,1.0.0,36.17
0a93e90e-2b23-4f79-88ac-00a378773577,2025-05-05 10:04:33,42,남,2400,7,자가,598,0,1750,42.2,5600,생활비,원금균등,60,0,0.1385,D,1.0.0,131.34
8084ad7f-8a42-4c6e-b4ce-43fa01a43c19,2025-05-05 10:09:37,36,남,5000,0,월세,346,1,1690,38.8,2600,주택구입,만기일시,60,0,0.1994,D,1.0.0,36.52
22927ff8-0f33-4325-8b10-c898d99bc539,2025-05-05 11:34:16,38,여,4600,1,전세,538,2,1800,69.7,6300,생활비,원리금균등,60,0,0.191,D,1.0.0,54.6
8be5b92e-9e1b-4681-a837-f89a23a4fe3c,2025-05-05 16:18:13,30,남,3600,1,월세,543,3,1390,71.2,1700,전세자금,원리금균등,48,0,0.382,C,1.0.0,36.31
12c07670-74f1-4c92-aec3-f5e525ac4522,2025-05-05 16:37:20,37,남,2100,5,월세,411,0,1070,67.6,3700,생활비,만기일시,48,0,0.0681,D,1.0.0,34.56
b2bcbd6a-c944-494f-9302-6feb0172758a,2025-05-06 10:03:27,28,남,2700,3,월세,594,0,1850,24.9,5800,생활비,만기일시,36,0,0.0712,D,1.0.0,37.79
d5c47335-f088-44db-9279-9fb237597ea7,2025-05-06 10:18:38,40,여,3100,4,월세,301,3,1700,57.6,2900,사업자금,원금균등,48,0,0.0878,D,1.0.0,46.41
7ab82848-24ee-455c-a477-80ff3d7005c6,2025-05-06 10:30:09,41,여,2000,0,월세,554,0,1100,47.5,2800,교육비,만기일시,36,0,0.0836,D,1.0.0,101.53
eb142264-996f-43be-9e05-6f68402f1ede,2025-05-06 11:16:07,30,여,1900,0,전세,345,3,990,32.4,3400,생활비,만기일시,48,0,0.0212,D,1.0.0,61.74
bf619670-8b65-4ff7-9d43-7fa3015f252e,2025-05-06 14:12:32,51,여,3400,1,자가,595,0,2510,5.0,6200,주택구입,원리금균등,24,0,0.4238,C,1.0.0,50.48
0a746456-ec1f-4278-9353-05b79de6b861,2025-05-06 15:55:48,34,여,2800,1,월세,477,2,2130,80.3,6900,사업자금,원리금균등,60,0,0.0075,D,1.0.0,54.39
ef852c93-69af-4f36-8d8f-4a91127c6d9c,2025-05-06 16:14:21,48,남,4800,3,자가,475,0,3240,40.9,5200,생활비,원금균등,12,0,0.331,C,1.0.0,41.44
a709127c-d0c0-4957-888c-83debae10ae3,2025-05-06 16:15:06,23,남,2100,0,월세,615,2,970,85.0,2100,생활비,원리금균등,60,0,0.2401,D,1.0.0,52.33
98a8421c-1692-4fd5-853a-10a2fb826f23,2025-05-07 10:58:34,38,남,1500,5,전세,444,1,1040,24.8,1900,전세자금,원금균등,12,0,0.3162,C,1.0.0,53.62
052341bf-d731-4b30-913f-cf72de50ddad,2025-05-07 11:41:47,25,여,1900,0,전세,491,1,610,38.3,5200,사업자금,원금균등,36,0,0.0249,D,1.0.0,123.29
646f9e50-05af-4c65-a1c2-f6e7a22261f4,2025-05-07 13:20:23,36,여,2800,1,전세,562,3,2010,73.4,1300,주택구입,원금균등,12,0,0.2452,D,1.0.0,50.54
ae2d75e4-ea17-4b66-a7aa-24d6590ee0d8,2025-05-07 14:47:45,35,여,3300,8,전세,521,2,1690,59.6,4800,주택구입,원금균등,60,0,0.2539,C,1.0.0,81.01
16270ddd-b042-43d6-bd19-10b08d91334c,2025-05-07 15:24:25,37,남,4600,0,월세,511,1,2400,54.8,8100,생활비,원리금균등,48,0,0.1107,D,1.0.0,121.97
3d9e0bad-6c65-406d-80fc-b13a41007be0,2025-05-08 11:40:21,35,남,3400,4,전세,678,2,2270,85.0,3900,교육비,원금균등,60,0,0.2944,C,1.0.0,26.37
468fdaae-9ef5-4ef5-bb8a-bfbabd4b69e4,2025-05-08 16:17:11,33,남,1700,4,전세,380,1,780,74.9,4400,교육비,원리금균등,48,0,0.0236,D,1.0.0,60.81
69f80ae6-a41b-4461-81ed-afb2fc68e5c1,2025-05-09 09:17:59,38,남,4900,3,전세,653,1,2540,59.7,5500,생활비,원리금균등,60,0,0.438,C,1.0.0,43.39
f7b8445f-f6a6-4ff5-a31a-bd0bc7f87d63,2025-05-09 10:23:08,35,남,2500,2,전세,390,3,2040,60.2,2200,교육비,만기일시,48,0,0.073,D,1.0.0,37.33
96208491-3c55-488a-9219-637be155a535,2025-05-09 10:23:27,23,남,3800,0,월세,465,2,1100,45.6,6600,주택구입,원금균등,48,0,0.0685,D,1.0.0,103.06
08ab3444-0ebb-4e2c-8b5b-b946db2cefaf,2025-05-09 11:14:58,34,남,2000,2,전세,418,1,1200,56.2,3600,주택구입,원리금균등,24,0,0.1116,D,1.0.0,27.4
6b66342b-7390-473d-8f16-de48651c1336,2025-05-09 11:28:43,40,여,1400,3,월세,440,1,1020,26.3,3300,교육비,원리금균등,48,0,0.0336,D,1.0.0,106.49
a2a0f90c-df2e-45a5-80f9-39d52332b1f4,2025-05-09 12:17:33,41,남,1900,2,전세,393,2,1270,53.2,6900,생활비,원리금균등,60,0,0.0037,D,1.0.0,52.34
d138f3e7-2f75-4f4e-a408-93c3f210bab2,2025-05-09 12:38:03,31,여,4000,1,전세,471,3,1330,51.0,1400,주택구입,원금균등,48,1,0.5053,B,1.0.0,31.63
33dc053e-8b3d-4538-9b47-9ffc1129d98d,2025-05-09 15:21:23,38,여,2400,2,전세,592,2,1270,54.0,6600,의료비,만기일시,36,0,0.0386,D,1.0.0,105.86
9689962f-985f-402d-af35-1892f27a5ebe,2025-05-09 15:46:03,29,남,3800,0,월세,510,1,2550,40.3,4300,자동차,원리금균등,36,0,0.189,D,1.0.0,51.37
1b4443ca-0b6d-492f-9302-26fd6132bb41,2025-05-09 16:59:05,30,여,2400,0,전세,415,0,1070,40.3,8600,전세자금,만기일시,24,0,0.0096,D,1.0.0,33.25
16bd0b28-5084-4cac-bf4b-3909897ec3df,2025-05-10 10:18:01,38,여,2400,7,월세,493,1,1460,33.3,4000,생활비,만기일시,36,0,0.1178,D,1.0.0,65.58
8694d280-b3ee-464c-a0d5-714dffe5898b,2025-05-10 14:47:35,23,여,1200,0,월세,491,2,510,66.2,4900,전세자금,원금균등,60,0,0.0015,D,1.0.0,86.52
1613953c-a139-461c-8004-c5e18108276e,2025-05-10 16:20:33,30,남,2300,2,전세,395,3,950,43.1,6800,자동차,원리금균등,24,0,0.0084,D,1.0.0,32.47
409b725d-c93b-4feb-9073-b644573ace59,2025-05-10 16:31:27,39,여,2000,4,월세,462,1,1150,52.9,3500,사업자금,원금균등,36,0,0.0658,D,1.0.0,60.73
48c01b50-c066-4947-9c0b-a854f84b14fe,2025-05-10 16:32:25,30,남,3700,1,월세,540,1,2370,77.5,2300,생활비,원금균등,48,0,0.2378,D,1.0.0,16.63
ed5dbef1-07ce-4b5a-8638-8b94d7cc1957,2025-05-10 16:32:33,23,남,1900,0,월세,534,2,1270,73.6,10300,전세자금,원리금균등,48,0,0.0002,D,1.0.0,92.78
baab9238-69aa-46ce-a411-5aeb5726d623,2025-05-11 09:01:51,33,남,3000,1,월세,654,3,1990,58.3,3400,사업자금,원리금균등,60,0,0.2531,C,1.0.0,54.07
dab1d3b6-69e0-453b-b6a6-f799db9bd6bf,2025-05-11 10:18:20,27,남,1500,1,월세,472,0,830,22.5,3500,주택구입,원금균등,48,0,0.0375,D,1.0.0,41.97
a79c72f6-2daf-4c1e-ac11-247bdb41cb14,2025-05-11 14:58:37,38,여,1600,2,월세,573,3,1210,78.6,5500,사업자금,원금균등,24,0,0.0034,D,1.0.0,31.01
b73cbfd6-a459-480d-8cb5-91507fc34adc,2025-05-11 15:37:05,37,남,2200,3,월세,434,1,1210,59.5,2200,의료비,원금균등,36,0,0.1451,D,1.0.0,61.24
700b8e01-cd49-4aa0-9668-c4753bf9f7b1,2025-05-11 15:46:03,23,여,1200,0,월세,373,5,790,49.1,3500,사업자금,만기일시,36,0,0.0045,D,1.0.0,55.24
bb0af83d-829c-4d95-81f0-02e6640daa57,2025-05-11 17:25:11,29,남,2600,0,월세,473,3,1250,46.8,3300,생활비,원리금균등,36,0,0.1349,D,1.0.0,32.09
44c9a920-8b07-456d-972b-22695b7f518f,2025-05-12 11:08:20,43,남,3200,5,전세,732,2,1980,65.8,2900,전세자금,원리금균등,36,1,0.5259,B,1.0.0,53.82
69f44343-31b4-4cd7-b955-727f005607b5,2025-05-12 13:41:52,27,남,2200,0,월세,524,3,1520,60.4,4100,주택구입,원리금균등,60,0,0.0391,D,1.0.0,49.99
3b630bb2-07c2-4f0a-8c3d-b36452f1acd4,2025-05-13 10:40:01,44,남,3600,8,월세,554,3,2730,83.2,2000,생활비,원리금균등,60,0,0.4255,C,1.0.0,23.35
b0d53b4e-4844-4cb4-b5de-177a3f25500c,2025-05-13 12:44:13,24,남,1700,0,전세,541,2,720,40.3,5800,사업자금,원리금균등,48,0,0.0256,D,1.0.0,38.37
4d32f7b7-f559-4c69-ac3c-df4890dd469d,2025-05-13 13:45:45,23,여,2500,0,월세,542,3,1680,48.8,2700,생활비,원금균등,24,0,0.0996,D,1.0.0,30.64
b9cc5653-93e9-4d0a-9f2c-cfcfe3cdfac4,2025-05-13 15:44:04,27,남,2500,0,월세,601,3,1110,75.9,2900,의료비,원금균등,60,0,0.1192,D,1.0.0,52.45
ed16300e-f101-4cd5-b29d-2b499265a187,2025-05-14 11:51:35,30,남,2500,1,월세,602,1,1910,30.9,3300,교육비,원금균등,36,0,0.1648,D,1.0.0,75.32
13a58987-4569-4df7-94ba-ede8de330513,2025-05-14 13:53:17,32,남,2400,0,전세,457,1,1660,23.4,4600,자동차,만기일시,48,0,0.027,D,1.0.0,126.53
d89cd8bd-6a1b-4b6c-a8b4-e2aca8964eed,2025-05-14 15:00:26,37,여,2100,1,월세,458,2,700,67.9,2500,자동차,원리금균등,36,0,0.3709,C,1.0.0,19.86
e3a24145-71fb-4cc7-b137-77a1bdbcbc75,2025-05-14 15:03:03,43,남,4500,5,전세,569,1,1280,51.2,2500,사업자금,원리금균등,60,1,0.6749,B,1.0.0,50.09
997f3553-f845-407c-92c6-09ba306ee57a,2025-05-14 16:47:21,35,여,3000,1,자가,539,1,890,38.9,4200,의료비,원금균등,60,0,0.2518,C,1.0.0,28.82
2cd8103a-44ea-4466-a98b-81ad25b7f649,2025-05-15 09:38:05,36,여,3100,1,전세,492,4,1680,61.1,2900,생활비,원리금균등,60,0,0.2302,D,1.0.0,32.35
1a2e9e32-03cb-4663-9d46-fb5e215e1d02,2025-05-15 10:43:31,38,여,3400,5,전세,712,3,1700,85.0,1900,전세자금,원리금균등,12,1,0.5262,B,1.0.0,63.4
7087d13d-5da6-40ec-9a14-c42f98d7a98d,2025-05-15 12:30:42,23,여,1200,0,월세,360,2,690,30.7,5100,생활비,원금균등,24,0,0.0012,D,1.0.0,19.12
053f4bf8-66f6-47f4-b6da-e567826dfbd2,2025-05-15 14:05:17,42,여,2300,11,전세,476,0,860,23.7,3400,의료비,원리금균등,60,0,0.3211,C,1.0.0,44.13
f8045f56-0a1d-4f79-900f-fc193eaad6ab,2025-05-15 14:34:32,45,남,2200,1,전세,529,1,940,43.9,3300,사업자금,원리금균등,36,0,0.2745,C,1.0.0,50.33
2755fed8-13b4-42ca-b56c-9dc0ffc7397f,2025-05-15 15:58:38,39,남,2500,8,월세,496,3,1360,75.5,1600,생활비,만기일시,36,0,0.2783,C,1.0.0,46.31
907cf45f-17e6-42d9-b6dd-c17d29963016,2025-05-15 16:17:27,44,남,1400,6,전세,524,2,630,45.3,1600,교육비,원리금균등,48,0,0.4824,C,1.0.0,78.82
7eec3f4a-7246-43d1-87c0-7efeae78595c,2025-05-15 17:09:10,38,남,3400,10,월세,510,2,2460,36.6,1300,사업자금,만기일시,60,1,0.5765,B,1.0.0,49.01
57f51974-9482-43d5-83e1-4c7df9eb1554,2025-05-15 17:51:12,27,여,1900,1,월세,426,1,1420,53.1,1800,생활비,원리금균등,48,0,0.1265,D,1.0.0,53.25
d696e519-7a4d-471e-a3a3-71dfdaa1acae,2025-05-16 09:35:35,49,여,4600,7,자가,668,1,1660,27.2,2200,생활비,원금균등,12,1,0.9159,A,1.0.0,94.94
fb6b3c86-8ff0-4cc6-89d6-788097382d46,2025-05-16 11:10:11,38,여,3300,2,월세,642,3,2340,64.0,2400,생활비,원금균등,36,0,0.2965,C,1.0.0,26.83
e1e572df-2a5d-4ec4-ad8e-2882dc746361,2025-05-16 11:31:26,27,여,2100,0,자가,398,1,780,43.8,12400,사업자금,원금균등,36,0,0.0002,D,1.0.0,75.64
0b0b78db-5c40-40c7-8d80-1353d154426b,2025-05-16 16:45:32,31,남,4400,1,월세,417,2,3710,71.0,3000,전세자금,원금균등,36,0,0.1357,D,1.0.0,32.32
d5b9ca00-0c42-448e-8fd5-c135c1bc3b04,2025-05-17 09:58:30,31,남,3100,1,전세,700,2,2200,68.4,3200,주택구입,원금균등,24,0,0.312,C,1.0.0,28.16
2b5ab593-aa01-4edb-8643-7b5a4fd0eee6,2025-05-17 15:38:47,28,여,2400,3,월세,544,3,1190,76.1,4000,교육비,원리금균등,48,0,0.1971,D,1.0.0,12.55
e7259683-de49-4874-bf25-99a57836edb0,2025-05-17 15:55:14,28,여,2100,1,월세,503,2,790,30.0,9700,생활비,원리금균등,36,0,0.0012,D,1.0.0,28.68
c731bcec-b388-4adc-b34b-56d71c1891aa,2025-05-17 15:57:08,37,남,2300,4,전세,527,1,1140,28.0,4200,생활비,만기일시,36,0,0.1269,D,1.0.0,49.6
8fe94894-71b9-4520-850e-743d472c1774,2025-05-17 17:54:31,27,남,2300,3,자가,345,3,1240,85.0,3500,자동차,원금균등,60,0,0.1085,D,1.0.0,36.19
a28136c9-09cc-4419-9435-c3864b64c36f,2025-05-18 09:22:08,32,남,2200,1,월세,467,0,880,53.9,2800,전세자금,만기일시,36,0,0.1362,D,1.0.0,77.29
88dd2341-c20a-41e0-ad27-294c5b896ba0,2025-05-18 13:38:52,24,여,1900,0,월세,467,0,990,66.0,2400,주택구입,원금균등,12,0,0.0834,D,1.0.0,46.88
61e02b6f-388f-42f4-8b27-1d7f1ce9b193,2025-05-18 16:18:23,35,여,2000,1,월세,547,5,580,85.0,6000,교육비,원리금균등,48,0,0.0047,D,1.0.0,17.33
3ce4b657-1fc9-48e8-8aa2-dd38ef70b7bd,2025-05-19 09:28:15,23,여,2800,0,월세,412,2,940,42.6,2900,전세자금,원리금균등,36,0,0.109,D,1.0.0,72.82
c29b7c3e-81fa-4d56-bbbc-53ab24940933,2025-05-19 12:35:53,35,남,3300,3,전세,483,0,1250,46.6,3700,자동차,원리금균등,48,0,0.4363,C,1.0.0,32.63
dde3d4f1-1fa9-4f06-a81f-1d6d85d76beb,2025-05-19 15:06:47,40,남,2100,2,월세,625,1,1210,33.2,3100,생활비,원금균등,60,0,0.1931,D,1.0.0,34.49
dc6589a7-e0ef-4a48-a9f5-d098ea557fef,2025-05-20 12:14:02,39,여,2000,6,월세,599,0,1190,80.4,5500,전세자금,만기일시,36,0,0.0237,D,1.0.0,71.71
2bd5d06b-34dc-464c-9871-624142d6ad40,2025-05-20 15:06:45,45,여,8000,9,전세,590,1,4420,42.6,4400,생활비,만기일시,36,0,0.4886,C,1.0.0,67.69
46ee4e2b-fa6f-48b8-ad30-c8cd064ca4a8,2025-05-20 15:10:49,34,여,2000,1,전세,456,0,710,31.4,5000,주택구입,원리금균등,24,0,0.092,D,1.0.0,59.5
f473537e-8072-44f6-95ef-dc63483bbf81,2025-05-20 15:11:29,38,남,3700,9,전세,606,1,2320,66.6,2300,의료비,만기일시,36,1,0.5347,B,1.0.0,56.55
fc67e161-d602-4f8b-9a24-7e97f3a20e0a,2025-05-20 17:09:03,32,남,2000,1,월세,617,5,1160,38.5,3500,생활비,원리금균등,36,0,0.0614,D,1.0.0,22.08
6003c35f-8493-4267-9f1a-f91153e95018,2025-05-21 09:03:01,28,남,1800,2,월세,415,3,1420,68.9,5200,주택구입,만기일시,48,0,0.0053,D,1.0.0,91.39
beea196d-1aa4-4ed0-ba27-cd6bf80ea95e,2025-05-21 09:53:12,31,여,2000,1,전세,536,5,1390,39.8,5700,전세자금,원금균등,36,0,0.0164,D,1.0.0,54.73
142e790f-cdd4-4643-9351-83848b8fc409,2025-05-21 10:11:37,44,남,5400,8,월세,619,1,1770,63.2,2700,생활비,원리금균등,24,1,0.7329,B,1.0.0,41.58
7d64f513-addb-4ecd-98b0-36078d66a9e4,2025-05-21 10:39:06,35,여,1700,3,전세,370,0,820,61.6,4000,생활비,만기일시,48,0,0.0143,D,1.0.0,95.62
a890ed64-0114-4603-868f-0302796c075e,2025-05-21 10:59:29,31,남,2900,4,월세,359,0,2260,43.0,2900,자동차,만기일시,48,0,0.1125,D,1.0.0,62.75
19080d9b-333d-4934-a40e-3015ff3f0317,2025-05-21 12:20:04,32,여,2900,2,전세,367,0,1420,31.9,4400,생활비,원금균등,36,0,0.0912,D,1.0.0,27.49
3ce0277a-c46c-47ef-90cb-5aad9557a2f4,2025-05-21 14:44:37,27,남,2400,1,월세,584,1,1710,58.0,1600,교육비,원리금균등,60,0,0.2889,C,1.0.0,60.61
e7764663-cbac-41b6-9935-bf044bf63eac,2025-05-21 15:08:40,43,여,2200,4,자가,621,5,1010,85.0,2200,생활비,원금균등,24,0,0.3267,C,1.0.0,21.07
e4f3aeb3-fc42-46c3-8896-65a8dd153fea,2025-05-21 17:35:00,28,남,1500,2,자가,334,3,800,55.1,3700,사업자금,원리금균등,36,0,0.0127,D,1.0.0,37.12
0864755d-2560-452c-a2ae-37797708af6c,2025-05-22 09:18:53,39,여,2600,4,월세,565,1,1750,43.9,3900,주택구입,원리금균등,36,0,0.2399,D,1.0.0,40.55
929c911d-2c99-46a2-b444-9dc619ed456a,2025-05-22 14:21:56,39,남,6200,5,월세,612,0,1840,34.2,3000,자동차,만기일시,48,1,0.7658,A,1.0.0,65.76
94366be6-5735-412d-b1bf-1fbee41c3868,2025-05-22 15:50:31,37,남,2200,1,월세,418,5,760,75.9,3100,생활비,원금균등,48,0,0.0572,D,1.0.0,27.71
f63bf344-50d7-4052-a418-454e503cecc1,2025-05-23 09:02:32,45,남,4100,1,자가,603,3,1820,71.0,1600,자동차,원금균등,12,1,0.6115,B,1.0.0,82.39
c955388f-2043-4ffb-b00d-d7f1874980d1,2025-05-23 09:20:38,26,남,2000,2,월세,472,1,1520,30.1,3400,의료비,원리금균등,24,0,0.0799,D,1.0.0,93.92
27962932-5027-4f8a-8277-51af6aaf6306,2025-05-23 10:12:47,41,여,2000,3,전세,446,1,720,50.5,5300,교육비,원리금균등,60,0,0.0392,D,1.0.0,61.92
cdb269bb-de16-4937-af68-e3db7520dfc6,2025-05-23 10:13:09,31,여,2100,4,월세,448,0,740,72.7,4700,주택구입,원리금균등,60,0,0.0751,D,1.0.0,85.57
124f64ee-6973-4935-af7e-2bc0dbbd0d4b,2025-05-23 10:27:34,36,남,3500,1,자가,300,3,2580,47.9,3900,주택구입,원리금균등,24,0,0.098,D,1.0.0,33.71
47d9326e-7349-404a-a5a0-2c23d863a4a3,2025-05-23 11:18:50,41,남,3200,11,자가,632,0,1440,59.1,4400,전세자금,원금균등,36,1,0.5644,B,1.0.0,25.35
d147bbcf-1d90-412e-b747-6e7c46907d02,2025-05-23 11:46:50,35,여,1500,5,전세,500,0,490,55.2,2600,생활비,만기일시,48,0,0.2009,D,1.0.0,73.97
b8fdd2e6-6e37-489a-a3ca-195f04f378dc,2025-05-23 17:10:05,39,남,5800,1,전세,695,1,4490,46.5,15000,의료비,만기일시,60,0,0.0444,D,1.0.0,66.17
e9497613-2e4d-4b5d-b5aa-2101fb0e36c9,2025-05-23 17:34:05,40,여,3300,3,전세,491,1,970,33.9,1200,생활비,원리금균등,60,1,0.6128,B,1.0.0,28.73
6acaa885-e2f5-44a2-8f06-4bc5b8cea64f,2025-05-24 09:28:38,37,남,1300,5,월세,482,2,550,40.4,3200,사업자금,원리금균등,12,0,0.0836,D,1.0.0,47.13
cf7f2ff2-9186-498b-8842-362942477d46,2025-05-24 10:23:13,37,남,4300,6,월세,696,3,2200,62.1,4200,전세자금,원금균등,24,0,0.3499,C,1.0.0,38.76
24cc9e32-2aa9-4c6b-80a0-de01894c22ff,2025-05-24 14:02:48,39,남,2400,1,월세,312,2,870,34.9,4900,자동차,원리금균등,24,0,0.024,D,1.0.0,124.79
5c2aed3d-4d13-4623-9a2b-49f617af1a25,2025-05-24 17:07:02,34,여,3200,4,월세,512,3,1860,50.4,2600,사업자금,원금균등,48,0,0.3319,C,1.0.0,59.8
9f5f96ee-c80c-46ee-9cdf-5e1787f26594,2025-05-25 09:55:41,39,여,3100,0,월세,554,2,1540,82.6,2500,생활비,원리금균등,48,0,0.1798,D,1.0.0,30.59
dcffa3f3-7825-483b-af86-636a002772bb,2025-05-25 10:17:09,38,여,2500,5,월세,470,1,1100,24.4,8600,생활비,원금균등,36,0,0.0087,D,1.0.0,10.64
ada03313-4aa0-44dc-bdf7-71b3d7fe49b2,2025-05-25 12:45:06,52,여,3100,22,자가,654,2,1020,73.9,5900,교육비,원리금균등,48,1,0.5338,B,1.0.0,38.21
8c5abdd0-9849-458d-8280-97191a789f8c,2025-05-25 14:50:49,23,남,2000,0,월세,472,2,790,66.2,2600,사업자금,원리금균등,60,0,0.1081,D,1.0.0,41.96
a6bdd41f-312c-4067-82bb-c91258a6fe92,2025-05-25 16:27:28,38,남,3800,1,월세,578,0,1540,31.4,3600,생활비,원리금균등,24,1,0.5172,B,1.0.0,87.06
a2f7c155-400c-4afe-a8b3-b5933afac411,2025-05-26 12:17:49,36,남,4100,2,전세,329,3,1850,46.2,1100,교육비,만기일시,24,0,0.1954,D,1.0.0,48.11
75908020-15c7-4bfb-bb96-189931d46251,2025-05-26 13:27:46,34,남,3800,1,월세,516,2,2540,79.2,3600,생활비,원금균등,24,0,0.0981,D,1.0.0,79.1
623bea5a-90da-4fa5-a20e-55ed89b85aee,2025-05-26 16:24:01,46,남,6100,5,월세,573,3,1680,77.6,3300,자동차,원리금균등,36,0,0.4421,C,1.0.0,98.81
5b3c7d06-f9b3-47f2-a0a1-d57fad8440b3,2025-05-26 16:56:17,23,남,2800,0,월세,514,3,1230,76.8,6100,주택구입,만기일시,60,0,0.0273,D,1.0.0,39.05
d082fe47-e7ae-495b-b893-0d9407a3f6e9,2025-05-27 09:55:38,40,남,2200,2,자가,590,5,940,85.0,2200,사업자금,만기일시,48,0,0.1037,D,1.0.0,37.57
52486392-cfaa-4e55-848c-7328eafa4f28,2025-05-27 10:48:54,44,남,5500,4,전세,501,4,4320,78.3,2700,사업자금,원리금균등,36,0,0.3656,C,1.0.0,34.65
c985f5b4-6178-4ba9-b8c1-c3f7ab806a9a,2025-05-27 12:24:22,32,남,2000,0,전세,494,5,870,81.1,7600,생활비,원리금균등,48,0,0.0021,D,1.0.0,76.96
72f3493e-12af-4ea3-901d-ba4be6050b47,2025-05-27 14:19:49,26,여,2500,0,월세,431,0,1470,27.0,3300,주택구입,만기일시,48,0,0.0894,D,1.0.0,64.9
7f516470-1121-45a6-b9e0-0e6213893261,2025-05-28 09:26:29,36,남,2200,2,월세,371,2,1530,58.8,4800,생활비,만기일시,12,0,0.0108,D,1.0.0,91.6
5a65172b-062b-463f-81c9-e6f5fbbff777,2025-05-28 10:23:57,31,남,4100,0,자가,450,2,1680,34.0,1600,교육비,원리금균등,24,0,0.3572,C,1.0.0,89.0
54689cf3-b544-424e-923c-f6f03365cca6,2025-05-28 12:20:00,38,남,6600,1,자가,501,2,4500,85.0,3400,자동차,원금균등,36,0,0.316,C,1.0.0,25.07
f0756338-8cca-45b6-8a99-49dea52cc785,2025-05-28 12:40:28,42,여,2100,8,월세,506,0,1070,55.6,1300,주택구입,원금균등,60,1,0.5251,B,1.0.0,39.98
7729b614-540e-48be-89c9-613ee0865c18,2025-05-28 13:32:39,25,남,3300,0,월세,604,1,1860,47.8,5000,생활비,원리금균등,60,0,0.2415,D,1.0.0,134.42
c5143405-eb0a-4ed9-8729-b61307be4076,2025-05-28 14:29:04,30,여,2500,3,전세,471,4,1770,65.2,2500,교육비,원리금균등,36,0,0.0791,D,1.0.0,48.66
7fabf92b-4964-44ae-8808-afd903f1d285,2025-05-28 15:09:46,29,남,1600,2,월세,408,2,780,53.6,20000,의료비,만기일시,24,0,0.0,D,1.0.0,46.92
3741787d-7030-49b3-924f-eee9bff43b37,2025-05-28 16:56:13,32,여,2000,4,월세,632,3,1430,49.4,5800,생활비,원리금균등,24,0,0.026,D,1.0.0,35.35
24fd6dac-80dc-45a0-9ea9-fe297bb612b3,2025-05-29 09:54:30,29,남,4100,1,월세,478,2,2340,46.5,2100,생활비,원금균등,60,0,0.4063,C,1.0.0,23.22
1bcb648a-2948-4981-a0f0-39575d9f1503,2025-05-29 09:58:31,42,여,2800,6,자가,659,0,1380,58.6,15200,사업자금,원리금균등,48,0,0.0018,D,1.0.0,25.37
f1ced57d-5261-4445-b2e4-3fe34983660f,2025-05-29 10:14:30,52,남,3500,6,월세,484,3,2380,37.8,4500,의료비,원리금균등,48,0,0.1649,D,1.0.0,50.39
fd592aed-51c2-44ae-8302-737f3d63ff47,2025-05-29 10:42:17,34,여,4500,4,전세,405,2,2080,58.2,5500,생활비,원리금균등,36,0,0.127,D,1.0.0,53.9
a29c6ba5-acbb-402a-b056-03fc4f32ace5,2025-05-29 10:43:22,41,여,2000,6,전세,500,3,1190,74.8,5000,자동차,원금균등,24,0,0.0369,D,1.0.0,36.87
7e8bcbb5-bd91-4603-9f5a-9887941f1e34,2025-05-29 10:47:10,43,남,5700,2,월세,525,1,1730,21.3,4500,의료비,원리금균등,36,1,0.525,B,1.0.0,63.8
36301909-0b9d-4667-9156-7b586aa0891f,2025-05-29 11:05:14,23,남,1900,0,월세,578,2,490,48.8,3400,사업자금,만기일시,60,0,0.049,D,1.0.0,46.5
9f01bc25-bdb6-4c7c-935d-fb7643c83b8b,2025-05-29 12:23:00,29,여,1200,0,전세,498,0,510,22.6,1300,사업자금,원리금균등,24,0,0.2869,C,1.0.0,125.28
6aee1f66-5e1a-4211-8b04-36598727bc84,2025-05-29 13:28:41,23,남,2000,0,전세,426,1,790,72.3,1300,의료비,원금균등,24,0,0.1618,D,1.0.0,27.37
6aa88171-7cea-4c23-8aaf-4265febef2bd,2025-05-30 09:02:54,41,남,6700,8,자가,412,4,3060,68.2,4000,주택구입,원리금균등,12,0,0.3669,C,1.0.0,109.46
0c0e1695-4d8e-48d0-a286-f38dbba09e59,2025-05-30 10:14:10,39,남,1900,5,자가,442,2,1210,76.9,4800,사업자금,원금균등,36,0,0.0131,D,1.0.0,41.6
615e6fe4-a905-4d39-864e-7a87255a92cd,2025-05-30 13:05:13,46,여,2000,0,전세,504,3,910,50.7,3200,사업자금,원금균등,24,0,0.059,D,1.0.0,35.64
f282b702-f1d8-4414-8760-4024fb243b61,2025-05-30 13:13:21,30,여,4300,2,전세,457,0,1120,57.5,2500,생활비,만기일시,12,0,0.3704,C,1.0.0,14.59
b7b80814-5119-4014-85c8-f278a05ec65d,2025-05-30 13:26:13,26,여,1800,1,자가,595,3,1450,63.9,3300,생활비,원리금균등,60,0,0.0733,D,1.0.0,85.39
8cae313d-9da9-45e2-b76c-47877a75b9bf,2025-05-30 14:43:45,23,남,2100,0,자가,421,4,570,43.0,7400,주택구입,원리금균등,60,0,0.0028,D,1.0.0,22.65
45130233-1b16-4874-97ee-6ed5e9744ef6,2025-05-31 09:00:35,42,남,2800,8,전세,569,2,860,44.5,5600,교육비,원리금균등,36,0,0.2937,C,1.0.0,93.26
d56fd68b-eab6-4417-8369-ea981382b868,2025-05-31 09:53:39,30,남,4400,0,월세,467,3,2450,60.2,3800,사업자금,원금균등,48,0,0.1343,D,1.0.0,30.39
92c8f7c4-90d1-4bb7-b729-af207dd9618a,2025-05-31 10:51:08,23,여,1600,0,월세,558,1,620,30.9,3100,의료비,원금균등,24,0,0.2141,D,1.0.0,67.46
2c1be29a-65bc-4c33-b233-3777bf20d5a6,2025-05-31 12:15:21,31,여,3400,2,자가,496,4,1810,77.8,4400,의료비,원금균등,48,0,0.0737,D,1.0.0,56.13
bafe6b9c-2dec-4dba-84e6-2adc90b61154,2025-05-31 16:43:48,34,남,4000,3,전세,535,3,2490,75.3,6700,생활비,만기일시,24,0,0.114,D,1.0.0,16.76
ea23c13b-09dd-4801-a888-810a8d24593f,2025-06-01 09:51:32,23,남,1500,0,전세,442,0,1080,59.3,2000,생활비,원금균등,36,0,0.1246,D,1.0.0,80.06
93234093-da3d-4e3c-9ef2-074493ffd7a2,2025-06-01 12:24:59,53,남,4600,0,자가,556,0,3030,50.3,7300,생활비,만기일시,60,0,0.0728,D,1.0.0,24.09
3174d32e-cf8a-496a-9227-3253e2c845b9,2025-06-01 15:10:14,39,남,4500,3,전세,458,2,1690,56.2,8600,전세자금,만기일시,36,0,0.0189,D,1.0.0,61.47
8b028e7c-4d0b-4c13-93fc-51c4c0d1c453,2025-06-01 15:28:03,35,여,5000,3,월세,482,1,2070,63.9,1400,생활비,원리금균등,36,1,0.6961,B,1.0.0,32.45
a96ad9fd-820b-4486-add4-3a853085ed69,2025-06-02 09:35:55,29,남,2000,3,자가,564,1,720,34.6,3700,자동차,원리금균등,24,0,0.3406,C,1.0.0,34.56
8533b748-4468-43ce-aef6-8a1b3d9b2b2e,2025-06-02 10:29:10,30,남,2600,1,월세,547,0,2180,71.1,3200,교육비,원리금균등,36,0,0.1089,D,1.0.0,29.81
b042c1a0-abc1-4fe4-ad7f-edc5d08a1ac5,2025-06-02 11:15:07,44,여,2200,11,전세,440,1,1790,65.2,2700,의료비,만기일시,60,0,0.1342,D,1.0.0,88.67
fa588db6-9818-4aaf-a7e7-3d5f5fc99704,2025-06-02 11:40:11,23,남,1600,0,월세,523,2,1160,49.4,2700,생활비,원리금균등,60,0,0.1246,D,1.0.0,54.18
315acd16-d077-4548-affd-c15537585329,2025-06-02 15:08:27,35,여,2000,0,월세,637,4,950,85.0,5900,의료비,원금균등,60,0,0.0101,D,1.0.0,58.9
00d9b3e9-ce06-4343-a413-89301d7957c2,2025-06-02 15:17:37,25,여,1600,0,월세,417,3,1300,58.4,5000,주택구입,만기일시,36,0,0.0025,D,1.0.0,29.98
43a8ddfc-fd37-4c27-9ae4-804c6cc66cfe,2025-06-02 17:30:05,23,남,2900,0,전세,595,2,1070,49.6,5700,전세자금,만기일시,36,0,0.1339,D,1.0.0,94.76
6372fef0-fdaf-491e-b5cf-16075fd8d3bf,2025-06-02 17:49:37,26,남,3300,0,월세,514,2,1900,48.2,3000,교육비,원리금균등,36,0,0.2878,C,1.0.0,54.49
b768192d-8c24-4356-b53f-4a6e7a7aad17,2025-06-03 12:35:07,35,남,4100,6,자가,478,3,3440,75.7,3500,의료비,만기일시,48,0,0.3232,C,1.0.0,77.26
edd74112-3f11-4e84-9491-82974173557d,2025-06-03 13:51:35,35,여,3400,5,월세,614,1,2100,18.4,3400,사업자금,원리금균등,36,0,0.3503,C,1.0.0,68.6
31a01dba-4dd3-4ab0-a777-ba3727802377,2025-06-03 14:23:18,31,남,2800,3,전세,472,3,1800,79.4,4600,자동차,만기일시,48,0,0.0294,D,1.0.0,49.16
0cb88f10-79ad-49f3-8df3-9888d2dc9d86,2025-06-03 15:03:40,36,남,3000,4,전세,401,2,1700,34.2,4000,주택구입,원리금균등,36,0,0.1382,D,1.0.0,53.49
94857490-055f-4bfa-964f-aab16ab210fe,2025-06-03 16:13:45,27,남,2400,0,월세,461,4,1740,64.1,6900,교육비,원금균등,60,0,0.0082,D,1.0.0,37.51
1f3ba1f0-f2f4-4e79-aeda-c6a55713ff4e,2025-06-03 17:29:45,41,남,5100,8,전세,585,1,3680,45.3,2900,주택구입,만기일시,24,0,0.4608,C,1.0.0,99.51
4f7397b6-9cd7-4360-a43c-2bc8cc259d32,2025-06-04 10:07:58,33,여,2300,3,월세,539,4,1680,56.8,4500,주택구입,원리금균등,36,0,0.0264,D,1.0.0,24.65
4407694b-c665-4a35-8f17-2feab1d1039c,2025-06-04 16:32:13,46,남,2200,4,월세,538,2,840,49.9,8600,사업자금,원금균등,60,0,0.0083,D,1.0.0,30.86
b1c0ccd3-7569-41ba-adaf-3bcf645bf4f0,2025-06-04 16:54:00,30,여,1900,0,전세,549,0,1030,61.5,6500,교육비,원금균등,24,0,0.0103,D,1.0.0,36.27
760da40f-4ecd-4e14-bd44-cb67e96b8811,2025-06-04 17:28:33,39,남,2300,6,전세,513,1,1060,22.7,2200,의료비,원금균등,36,0,0.4667,C,1.0.0,42.42
0a0561bb-f913-40c2-90d3-909bb6d7d811,2025-06-04 17:30:59,25,남,2300,0,월세,595,0,1760,32.5,2600,전세자금,원리금균등,36,0,0.3711,C,1.0.0,53.97
37ce805b-84fb-4be5-aa8b-039b43f5253f,2025-06-05 09:51:18,38,남,2200,1,전세,373,1,1400,41.3,3900,생활비,원리금균등,24,0,0.0282,D,1.0.0,90.13
da5ad8fe-8a9b-4797-9055-7416371d0512,2025-06-05 11:36:57,48,남,4400,10,자가,560,4,2130,85.0,3600,의료비,원금균등,24,0,0.4046,C,1.0.0,27.46
8f87da65-8604-4b72-a211-dac8c3c8c404,2025-06-05 12:55:13,27,여,1900,1,월세,590,0,1150,50.1,3200,자동차,원리금균등,36,0,0.1606,D,1.0.0,35.9
136af499-a014-41c2-a4a6-83c29a2076cf,2025-06-05 14:39:16,23,남,1800,0,전세,466,1,740,72.8,8200,주택구입,원리금균등,36,0,0.0007,D,1.0.0,21.3
e7d63824-5378-417c-af16-8b72c87b14eb,2025-06-05 15:35:19,23,남,1500,0,전세,610,1,560,45.4,2800,전세자금,만기일시,36,0,0.0869,D,1.0.0,35.98
e0498ba1-196e-4dd4-9852-acf0de8827d8,2025-06-05 16:18:31,44,여,6900,3,월세,496,0,2540,18.1,5100,생활비,원리금균등,60,1,0.5702,B,1.0.0,78.44
e4c062e9-1940-4bc7-9a88-00b49149845d,2025-06-06 10:10:25,50,여,2800,11,전세,496,2,2090,80.4,4800,주택구입,원리금균등,36,0,0.1235,D,1.0.0,47.58
4f9523f6-b4a9-42d1-8004-b3f26ee78e79,2025-06-06 11:04:15,39,여,3100,5,월세,614,2,2090,57.6,2400,주택구입,원리금균등,24,0,0.3796,C,1.0.0,86.2
bb0b7784-0fb4-49d6-bed2-50e1eb950f99,2025-06-06 12:01:38,49,여,3700,3,전세,522,1,2890,38.7,3200,사업자금,원리금균등,60,0,0.3369,C,1.0.0,58.72
09f70839-a7f1-494b-8145-eef79a5e91da,2025-06-06 12:48:27,38,남,1800,13,자가,609,0,1430,15.2,4000,사업자금,원리금균등,36,0,0.3056,C,1.0.0,31.73
1a3c1eb8-a73c-4613-9a9a-df7f8b8f65e9,2025-06-06 13:16:02,40,남,1200,3,월세,512,2,530,76.2,2400,생활비,원리금균등,48,0,0.0663,D,1.0.0,74.32
5413459e-c89f-429b-85c1-f6a666dfd1ba,2025-06-06 13:24:29,27,남,3100,2,월세,611,1,2430,60.0,2200,전세자금,원리금균등,24,0,0.4885,C,1.0.0,68.38
99986eee-e1af-4d8d-8729-feb6577238c7,2025-06-06 15:06:21,27,남,2500,0,전세,497,3,960,70.4,5500,전세자금,원금균등,60,0,0.0705,D,1.0.0,48.41
6e738b20-c174-4d13-b616-e95e3a49a58f,2025-06-06 16:50:46,26,남,2400,1,월세,497,0,1600,19.9,5400,생활비,원리금균등,48,0,0.0679,D,1.0.0,33.32
4b96cdf8-665e-4f42-a7da-7d6238ca191c,2025-06-06 17:12:41,34,여,2000,9,월세,576,4,1570,55.2,4700,자동차,만기일시,60,0,0.0271,D,1.0.0,68.56
97e147de-f041-4853-8eb6-3aef118691da,2025-06-07 10:41:25,35,여,5900,4,자가,544,2,3830,74.7,4700,의료비,원리금균등,36,0,0.2243,D,1.0.0,76.76
50c233e2-a93f-4a94-b594-47463ca0fad1,2025-06-07 13:44:51,37,여,4900,2,전세,546,1,2830,41.7,7000,자동차,원금균등,24,0,0.1954,D,1.0.0,30.07
9ad3fcf9-cc73-4f16-b866-4c73e9aefe07,2025-06-08 10:29:57,40,남,2700,5,자가,300,1,800,46.4,2900,생활비,원리금균등,60,0,0.3509,C,1.0.0,84.69
78c7ff2d-56cc-4acd-be89-e6ce16781704,2025-06-08 10:31:04,41,여,2700,10,월세,484,3,1880,41.2,2000,생활비,만기일시,36,0,0.201,D,1.0.0,24.92
45ddcdb4-abe7-43d3-b82a-c47923e9b6ec,2025-06-08 11:36:16,35,남,1700,0,월세,421,3,1300,73.9,1600,자동차,원리금균등,36,0,0.1006,D,1.0.0,49.6
83a38cb4-41c7-48a7-9e01-0389ee3e16b0,2025-06-08 16:49:28,37,여,3800,6,자가,525,1,1680,27.6,2800,생활비,만기일시,60,1,0.5469,B,1.0.0,83.93
fbade788-aabf-4236-839b-e75b2c0033c5,2025-06-08 16:53:50,25,남,2400,1,월세,655,3,1820,24.6,10400,자동차,원리금균등,36,0,0.0032,D,1.0.0,90.75
ec860be2-950d-4584-a63a-e170b17657fe,2025-06-09 12:42:17,26,여,2800,0,월세,701,1,2000,68.4,3900,전세자금,원리금균등,24,0,0.3024,C,1.0.0,59.21
c257ea54-7405-4e55-aa9f-10986bd5a206,2025-06-09 13:12:39,35,여,1600,3,전세,632,0,1160,19.2,2000,사업자금,만기일시,36,0,0.4191,C,1.0.0,80.22
1b4eee29-2f81-4e52-932a-2afe50348209,2025-06-09 13:51:21,35,여,2600,2,전세,393,2,1830,49.0,5000,전세자금,원금균등,24,0,0.0329,D,1.0.0,35.16
77b6bc6d-4999-4b0a-bdf2-cb965d314634,2025-06-09 16:40:08,44,여,3400,9,전세,616,1,1730,69.7,4800,생활비,원리금균등,36,0,0.4831,C,1.0.0,61.16
1b9f794a-3846-4f94-b5ac-c08304da8a10,2025-06-09 17:38:31,31,남,1500,3,월세,404,1,600,51.0,2500,의료비,원리금균등,48,0,0.1888,D,1.0.0,30.81
5ecdd886-2705-4575-bfcb-92627cfa2ca3,2025-06-09 17:50:55,25,남,1300,1,전세,528,1,1000,45.4,4700,생활비,원리금균등,60,0,0.0096,D,1.0.0,69.83
7fbbdf2e-18fb-472d-bc87-ec479dfa86e3,2025-06-10 11:28:57,37,여,1600,4,월세,574,4,760,75.6,5400,교육비,만기일시,60,0,0.0046,D,1.0.0,64.81
44840e05-0bfa-44a8-b385-d0977eaa6b29,2025-06-10 11:40:23,26,남,2500,1,월세,459,0,1290,63.9,9200,교육비,원금균등,24,0,0.0038,D,1.0.0,41.88
a9085142-e894-4e05-b31e-87833a754b72,2025-06-10 12:54:16,28,여,3000,1,월세,556,2,2200,68.7,3200,주택구입,원리금균등,36,0,0.1764,D,1.0.0,76.63
4ccb40e8-fa06-4fd7-b4cd-bc0babec08b2,2025-06-10 13:01:37,27,남,1900,0,월세,412,3,1560,63.9,2800,생활비,만기일시,24,0,0.0277,D,1.0.0,72.65
75daffc6-fa31-4a23-a55b-74cc9178711f,2025-06-10 14:36:16,23,남,3200,0,전세,430,1,2320,51.7,7100,생활비,원리금균등,12,0,0.0308,D,1.0.0,47.67
01067d8c-6b70-4e8e-adc2-74eefe8fd494,2025-06-10 16:53:45,38,남,3000,10,자가,543,1,1840,44.1,1500,생활비,원리금균등,36,1,0.6997,B,1.0.0,70.44
bc0cf43d-4ff5-4dc9-ac09-c516b3cb0983,2025-06-11 12:37:44,43,남,4700,6,자가,461,4,1270,35.6,1700,교육비,원금균등,36,0,0.4957,C,1.0.0,41.31
964115e0-f231-4094-8be9-f281720c582b,2025-06-11 16:12:41,31,여,2800,1,자가,407,2,1810,65.7,1900,생활비,원리금균등,36,0,0.205,D,1.0.0,27.83
0377ea13-837e-4a46-8028-7cea2c1cbd8e,2025-06-11 16:24:27,33,여,4000,0,전세,427,1,1940,48.8,2600,교육비,원리금균등,60,0,0.2606,C,1.0.0,35.33
374e641e-265a-4c21-b909-c09a45b867a2,2025-06-11 16:39:53,23,여,2700,0,월세,425,3,1850,71.6,9500,자동차,원리금균등,12,0,0.0028,D,1.0.0,127.93
cda808b8-f857-45ae-9ce4-48358d1e378b,2025-06-12 11:11:46,31,남,3000,0,자가,498,4,1910,49.1,13000,전세자금,원리금균등,36,0,0.0025,D,1.0.0,31.17
1c64ef67-2dfa-4389-b9ac-4d80a7e219d2,2025-06-12 11:30:53,23,여,2800,0,전세,540,2,2110,85.0,4600,사업자금,원금균등,36,0,0.0785,D,1.0.0,50.16
d925d028-f499-426e-b462-5b691391ff33,2025-06-13 09:25:56,38,여,2100,5,월세,458,5,700,57.6,6100,사업자금,만기일시,24,0,0.0085,D,1.0.0,35.39
79f61384-beab-454b-acea-9c2d6f1fd2cd,2025-06-13 14:56:16,35,여,2700,1,전세,615,2,1140,78.5,3600,의료비,원리금균등,60,0,0.2129,D,1.0.0,63.39
bdc04dea-b340-4123-9186-751942a6b665,2025-06-13 17:45:06,37,여,2400,3,월세,589,1,1580,53.0,8200,주택구입,원리금균등,36,0,0.0243,D,1.0.0,43.87
5c23b46f-87a0-4c33-9aaa-fb3995083972,2025-06-13 17:49:22,28,여,1500,1,월세,489,2,730,38.0,3700,사업자금,원금균등,60,0,0.014,D,1.0.0,24.56
48a31c20-cc28-4f86-bf75-317e1b264cc9,2025-06-14 09:11:33,28,남,2700,2,월세,411,3,1880,81.3,3500,교육비,원리금균등,36,0,0.051,D,1.0.0,76.73
a399043d-f992-4fab-a019-36c1c1cae2f6,2025-06-14 10:42:59,30,남,2900,3,전세,369,4,1780,67.0,3800,생활비,원금균등,24,0,0.1261,D,1.0.0,21.62
f0b8c357-9d5e-42ac-8ead-ad6dc58d6c05,2025-06-14 11:04:26,23,여,1300,0,월세,497,1,1020,61.9,4700,전세자금,원리금균등,36,0,0.0056,D,1.0.0,37.43
e57c97f3-2bf1-4851-bd45-e344432d81a5,2025-06-14 11:27:54,40,여,2200,5,전세,533,5,1170,64.5,2300,생활비,원리금균등,24,0,0.2193,D,1.0.0,52.48
8ab40c80-bb04-4957-b9ad-a2451cbb9ab9,2025-06-14 14:10:54,42,여,5200,1,월세,639,1,3010,27.6,6900,사업자금,만기일시,60,0,0.1317,D,1.0.0,63.12
17f1f54d-5aa4-415a-a80f-2abe45a29367,2025-06-15 09:13:24,23,남,2200,0,전세,567,1,1060,24.1,13400,자동차,원리금균등,60,0,0.0004,D,1.0.0,41.14
ebc03dab-3629-4a2a-b73c-e2285729f270,2025-06-15 10:59:35,39,여,2400,9,전세,371,2,1030,85.0,5900,주택구입,원금균등,60,0,0.0131,D,1.0.0,46.77
ab569e28-7374-4a78-9289-5350c9f2033b,2025-06-15 11:47:40,23,여,1600,0,월세,597,1,940,36.6,3800,생활비,만기일시,24,0,0.0441,D,1.0.0,56.31
55bd8b11-56c9-42b4-9a02-42efb091a892,2025-06-15 12:54:52,32,남,3100,1,월세,526,1,1090,43.6,2200,의료비,원리금균등,48,0,0.2941,C,1.0.0,70.45
47fc36f4-87d2-4ab0-8404-1d155a68ee8e,2025-06-15 15:34:53,37,여,3000,6,월세,584,3,1890,45.1,7000,생활비,원리금균등,36,0,0.0575,D,1.0.0,30.21
5840758f-3904-4e79-b9b2-5c579d0fa384,2025-06-15 17:28:29,37,남,3600,1,자가,437,0,1930,65.9,3900,생활비,원금균등,24,0,0.1752,D,1.0.0,64.59
44cb350b-f0e1-48cd-90f5-2328b5a0c882,2025-06-16 09:19:27,32,남,3400,5,월세,484,1,2780,35.8,9500,전세자금,원리금균등,36,0,0.0292,D,1.0.0,82.0
c78aba07-7f49-4b06-a946-3baa475e527d,2025-06-16 09:21:44,23,여,2100,0,전세,520,4,1650,85.0,2800,의료비,원금균등,12,0,0.093,D,1.0.0,44.15
2bd3afd4-68c6-4ffe-ba47-403aa2ecc132,2025-06-16 13:20:11,37,여,2900,0,전세,570,3,1640,46.9,3800,전세자금,원리금균등,48,0,0.2499,D,1.0.0,63.95
48c8e46a-c143-4c99-b4ff-b8107ba0a00b,2025-06-16 13:38:55,33,남,3000,1,자가,422,3,790,65.9,5500,전세자금,원금균등,60,0,0.0783,D,1.0.0,54.39
683c8174-c683-4a25-b066-b16cbaa84ae4,2025-06-16 15:30:27,34,남,3000,3,월세,515,1,1490,38.6,3000,사업자금,원금균등,60,0,0.2478,D,1.0.0,102.42
f03f091b-8404-441f-97e4-07b7a4458e64,2025-06-16 16:07:58,35,여,1800,1,월세,677,2,1090,31.2,2300,자동차,원금균등,24,0,0.2769,C,1.0.0,65.96
f84bd653-cdd7-439d-b3de-a6b65be96d94,2025-06-16 17:35:08,32,여,2700,1,월세,404,5,1710,55.3,2400,주택구입,원리금균등,48,0,0.1574,D,1.0.0,78.02
bef37417-47c7-4bd6-a9cd-d361e86474a1,2025-06-17 10:37:06,23,남,1200,0,전세,490,0,520,60.9,6600,생활비,만기일시,36,0,0.0003,D,1.0.0,82.88
982b0418-1ed8-44c2-8649-1d7316246b29,2025-06-17 12:11:51,33,남,2600,1,월세,528,3,1970,67.8,5400,생활비,원금균등,60,0,0.026,D,1.0.0,28.11
56dea4b7-5786-4300-a068-e0deb543250b,2025-06-17 13:50:50,31,여,1500,3,전세,437,2,1230,52.2,3600,전세자금,만기일시,60,0,0.0219,D,1.0.0,36.99
a9e5ee34-b775-4e68-9d12-0cea47006d3e,2025-06-17 14:34:14,39,여,1600,12,월세,540,1,1140,44.9,4900,사업자금,원리금균등,60,0,0.0221,D,1.0.0,43.07
f0b93b51-6221-4024-84b2-b0430600d4a4,2025-06-17 14:35:48,42,여,3400,5,전세,563,5,1430,85.0,3800,전세자금,원리금균등,36,0,0.0843,D,1.0.0,32.6
06d4049d-1099-4a31-b79d-f852e754c5f2,2025-06-17 16:11:26,33,여,2300,5,자가,657,2,1050,42.6,6100,교육비,만기일시,48,0,0.0551,D,1.0.0,10.34
5dc57042-9174-4abf-a35a-f4ae9923001e,2025-06-17 17:00:31,39,여,2800,0,전세,300,2,2030,61.3,4200,생활비,원금균등,60,0,0.0299,D,1.0.0,54.92
bb7c79ee-a767-4cd2-884f-5f9c9c7f856d,2025-06-17 17:05:38,44,남,3600,1,월세,563,1,1830,68.9,2600,사업자금,원금균등,24,0,0.1837,D,1.0.0,42.1
c9d4d289-92d1-472d-83c0-3ee8fb2d1087,2025-06-17 17:21:22,41,여,4000,1,전세,523,0,2960,27.5,3000,생활비,만기일시,12,0,0.3238,C,1.0.0,33.47
9bd6687e-4b9a-468b-9944-34ff2f963451,2025-06-18 10:31:20,38,남,2600,5,월세,609,2,990,53.9,5800,생활비,원금균등,60,0,0.0878,D,1.0.0,22.9
93e76d37-6dde-4c1e-9992-301b3dde5c04,2025-06-18 10:54:48,25,여,1200,1,월세,474,3,740,65.6,3200,생활비,원리금균등,48,0,0.0096,D,1.0.0,43.28
1aa8f55c-0f19-44fd-9667-f27e8e5c436c,2025-06-18 13:01:53,23,여,1300,0,전세,545,2,1040,60.6,5700,자동차,원금균등,60,0,0.0022,D,1.0.0,78.0
15e1a1c3-8df7-4e61-ab00-ec7b20da136e,2025-06-18 17:09:51,33,남,3800,1,월세,569,0,2060,41.4,2700,사업자금,만기일시,60,0,0.4476,C,1.0.0,44.84
cef9aab0-84d7-4e5a-b32a-911fb9d3c8da,2025-06-19 10:34:05,35,남,5300,3,전세,518,5,2760,81.1,5700,전세자금,원리금균등,36,0,0.1416,D,1.0.0,14.91
dd875368-883a-4f8f-8aa2-713f8ec0150f,2025-06-19 16:24:33,39,여,3200,10,전세,576,3,2420,85.0,5700,생활비,원리금균등,48,0,0.1055,D,1.0.0,66.85
81db0a20-75f2-4db2-a456-0fa0943a759e,2025-06-19 16:46:39,31,남,2600,2,자가,330,4,1510,49.8,8400,생활비,만기일시,60,0,0.0035,D,1.0.0,54.11
0edd12c3-7a58-458b-b393-96baa81e81c3,2025-06-19 17:55:12,23,여,2100,0,월세,579,2,970,60.7,3100,의료비,만기일시,60,0,0.115,D,1.0.0,46.1
d9ad09c2-4115-4cd9-ad4c-4dbcafe6f03b,2025-06-20 09:20:44,39,여,1700,9,월세,567,3,1350,39.6,3400,생활비,원금균등,24,0,0.0676,D,1.0.0,24.11
d7f8a6b4-8110-4cbd-9373-3d70b757134e,2025-06-20 13:49:18,32,남,2500,2,월세,500,1,1860,47.2,1800,자동차,원금균등,24,0,0.2728,C,1.0.0,39.33
4f602be6-b8f2-46fa-b0d9-c1542a3f62e0,2025-06-20 14:08:49,52,남,7900,18,자가,725,5,2810,59.2,4700,자동차,원리금균등,36,1,0.7817,A,1.0.0,23.74
fc9ed594-c28f-491d-bbce-f62769b0daa2,2025-06-20 14:09:42,30,남,1500,1,전세,561,3,1160,52.6,3800,교육비,원리금균등,12,0,0.033,D,1.0.0,34.23
069f8ed0-66c8-4804-af45-f66299df22fd,2025-06-20 14:34:07,33,여,1700,1,전세,449,1,830,19.0,4100,교육비,원리금균등,24,0,0.0421,D,1.0.0,42.68
b647807b-fe8b-44ff-bd32-04459d0892e7,2025-06-20 15:14:04,26,여,2600,0,월세,590,2,840,27.9,3700,자동차,만기일시,60,0,0.1211,D,1.0.0,52.56
25be651f-d50d-45e0-98e6-4474349eeb3e,2025-06-20 15:39:34,33,여,3400,3,전세,461,5,2070,50.7,1200,전세자금,원리금균등,48,0,0.3063,C,1.0.0,138.62
155560aa-0b71-466f-94d6-35c2f71c23fa,2025-06-21 09:30:02,38,남,2500,9,전세,660,0,1790,22.1,1500,자동차,원리금균등,24,1,0.796,A,1.0.0,75.57
3664721e-8f7c-4882-bd5e-5678984a0ede,2025-06-21 10:42:12,40,남,4000,4,자가,544,0,3160,29.1,2400,자동차,만기일시,48,1,0.5387,B,1.0.0,76.65
30de9b59-6134-484e-beb1-0c84b550bc1e,2025-06-21 13:19:32,41,남,2400,1,전세,449,2,1070,74.4,2100,의료비,원금균등,48,0,0.1988,D,1.0.0,42.35
5e40c1a9-62c4-4883-83e1-3a428f316d8a,2025-06-21 14:51:21,26,남,3100,1,자가,535,0,1020,50.5,6300,사업자금,원리금균등,48,0,0.1594,D,1.0.0,32.89
c5d8fd7b-a598-48d2-9861-97f812ef0244,2025-06-21 14:58:39,29,남,1500,0,월세,602,1,400,68.9,4000,사업자금,만기일시,48,0,0.009,D,1.0.0,68.53
487427a5-e855-463f-9eb1-d6cbbd4cfda7,2025-06-21 17:06:27,23,여,1200,0,월세,504,3,380,62.2,4100,생활비,만기일시,60,0,0.0033,D,1.0.0,85.74
d3736820-5c1f-488a-be07-e9bc8b94d1bb,2025-06-22 10:31:54,30,남,3200,1,전세,558,1,1080,42.8,6000,주택구입,원리금균등,60,0,0.2055,D,1.0.0,69.66
81c4f036-2e75-42f0-977a-348a50b02aec,2025-06-22 10:54:32,46,여,3100,5,월세,533,2,1320,21.1,2600,생활비,원금균등,24,0,0.4069,C,1.0.0,34.44
26437afc-650b-4665-835f-c9b3a4d57121,2025-06-22 13:27:04,31,남,3000,1,자가,550,1,1250,53.3,6700,전세자금,만기일시,60,0,0.0506,D,1.0.0,63.5
83770e1d-4b35-4c8e-88a2-4c3ecda38cb3,2025-06-22 14:47:31,39,남,3800,2,전세,381,2,2940,52.6,2400,자동차,원리금균등,60,0,0.1547,D,1.0.0,59.81
a2e5afae-4e7e-4c34-9657-257e58ccea12,2025-06-23 12:33:56,38,여,1900,5,월세,507,2,880,63.6,2400,생활비,원금균등,36,0,0.1366,D,1.0.0,76.54
8b9f520e-75d2-4d40-bae0-93b47f0a79aa,2025-06-23 15:45:50,25,여,1600,0,자가,427,2,880,54.8,5300,생활비,원금균등,24,0,0.0065,D,1.0.0,105.39
4e3b65c9-085f-4412-894c-0c2ae9eb6af1,2025-06-23 16:33:54,29,여,2100,1,월세,462,4,850,82.8,3000,생활비,원금균등,36,0,0.0353,D,1.0.0,53.84
941b1591-5f18-4862-91bf-dea2df752ce4,2025-06-23 16:40:18,43,여,5800,3,자가,391,5,1610,72.4,4900,생활비,만기일시,48,0,0.1335,D,1.0.0,24.09
41175aff-f0d1-460a-bfdd-a3d4fa53013e,2025-06-24 09:09:35,38,여,2200,5,월세,401,2,1060,60.8,1700,전세자금,만기일시,48,0,0.1685,D,1.0.0,131.25
51d6e62e-799b-41f3-bfd8-68947ecb0e2f,2025-06-24 10:07:01,35,남,2700,5,월세,549,2,2230,54.1,5100,생활비,원리금균등,36,0,0.0622,D,1.0.0,50.36
d603890f-feb5-4c8e-9c31-eda2487eca24,2025-06-24 10:58:41,43,남,4000,4,월세,490,3,2600,77.7,8700,생활비,원금균등,24,0,0.0112,D,1.0.0,76.11
4b5e8d78-2227-4cf9-9aa5-4405adedb7ee,2025-06-24 11:02:43,37,남,2000,2,자가,507,1,1420,38.2,4300,생활비,원리금균등,48,0,0.0702,D,1.0.0,32.23
1f1bb88a-bc20-4aa6-8164-f588d5e25ce8,2025-06-24 14:21:40,34,남,2400,3,월세,651,3,910,82.3,3200,생활비,원금균등,48,0,0.1768,D,1.0.0,56.77
80043013-af8a-49a5-9772-4d131b963fed,2025-06-24 15:45:38,29,여,1700,2,전세,582,2,1040,40.2,6300,전세자금,원금균등,36,0,0.0097,D,1.0.0,28.84
2daf5e6d-1538-4005-8948-9fa770bfa9e6,2025-06-25 12:14:56,23,남,1600,0,월세,423,2,880,60.9,1700,의료비,원리금균등,36,0,0.1186,D,1.0.0,136.34
8c3bc300-df93-4995-9b9a-3ae5bba35123,2025-06-25 15:29:57,25,남,2800,0,전세,622,0,1020,52.1,5300,의료비,만기일시,48,0,0.1495,D,1.0.0,61.24
74ff7a68-4b54-4adb-8ceb-460e2cbb1b07,2025-06-25 17:25:34,32,여,2500,2,월세,344,1,1530,37.0,3200,전세자금,원리금균등,60,0,0.257,C,1.0.0,71.79
dc04b2c9-9c89-4fbb-8395-edf8ac4a28ac,2025-06-25 17:26:09,23,남,5400,0,월세,510,2,2690,55.2,6900,주택구입,원리금균등,60,0,0.1134,D,1.0.0,31.2
dda8f07e-10b2-485e-a43d-24aaf4732e76,2025-06-26 09:24:00,28,남,2700,1,월세,430,2,2130,63.6,3700,교육비,만기일시,48,0,0.0273,D,1.0.0,82.58
c2847ae9-29a6-4031-b3bb-bf9d0da2046e,2025-06-26 09:42:11,38,여,2200,3,자가,442,1,1790,53.5,3600,자동차,원금균등,12,0,0.1746,D,1.0.0,78.03
aebd3776-ebbb-4d41-ac45-e7cdb702cdd8,2025-06-26 13:56:17,39,남,2900,5,전세,580,0,1520,43.9,3400,주택구입,원리금균등,48,1,0.5393,B,1.0.0,46.14
c24f91ea-5e82-40ff-8629-a75d47d7d557,2025-06-27 09:06:19,26,여,2300,1,월세,441,2,1900,69.3,3800,의료비,원금균등,36,0,0.0324,D,1.0.0,86.51
24ae4932-11ef-405d-8476-12cb6101a0c6,2025-06-27 09:46:53,32,여,1300,3,전세,397,2,350,59.7,4300,교육비,원금균등,60,0,0.0108,D,1.0.0,46.47
838a6bd5-94ea-479c-b6c3-8e1313db1b18,2025-06-27 11:08:40,23,남,1800,0,월세,516,2,1040,65.4,5100,자동차,원리금균등,36,0,0.0103,D,1.0.0,25.5
365b1667-0602-45c6-9139-d54a60b0f819,2025-06-27 11:57:04,42,여,2500,9,전세,520,1,1420,33.8,2700,자동차,원금균등,36,0,0.3951,C,1.0.0,79.73
d1c1fe23-7046-493f-9c87-59c2a980976d,2025-06-27 15:43:17,30,여,1800,2,자가,502,1,1470,42.6,4800,교육비,만기일시,48,0,0.0165,D,1.0.0,47.73
cbac5c5e-f62a-4fd9-8dc8-67b8cd59dff2,2025-06-27 16:47:49,44,여,5200,9,전세,474,0,3990,69.9,4100,의료비,원리금균등,60,0,0.3848,C,1.0.0,20.76
a766a1ad-1c4d-4a6b-9aa6-2b7b319d4e41,2025-06-28 09:16:05,29,여,2600,1,월세,328,3,1130,80.5,2300,의료비,원금균등,60,0,0.0511,D,1.0.0,37.81
ba4d855d-63b1-4344-9fe1-9cb1611756e4,2025-06-28 09:20:34,38,남,3200,1,월세,384,2,940,62.1,7600,생활비,만기일시,60,0,0.0071,D,1.0.0,35.2
2a8045ab-02d6-4a91-b344-efecaa500896,2025-06-28 12:51:27,34,여,2900,0,월세,320,4,900,60.8,6500,사업자금,원리금균등,48,0,0.0081,D,1.0.0,102.01
ce3b02fb-857b-4733-a1c7-c726fe31a7cb,2025-06-28 13:00:24,34,남,1500,0,전세,601,0,430,29.4,11100,생활비,만기일시,60,0,0.0,D,1.0.0,83.22
a2b2e9a5-4c01-4923-be4d-3c33341727d6,2025-06-28 13:02:38,29,남,1700,4,전세,607,3,780,73.3,2500,생활비,원리금균등,48,0,0.2214,D,1.0.0,78.0
d182bb88-7e36-41eb-8247-4911c640f90a,2025-06-28 15:05:05,23,남,1900,0,전세,515,2,830,52.1,3900,생활비,원리금균등,24,0,0.0863,D,1.0.0,30.82
73936f0e-3f11-4ce0-acda-184856a1eb04,2025-06-28 17:06:55,45,남,3500,1,자가,471,3,1930,62.3,3600,교육비,원금균등,60,0,0.1991,D,1.0.0,48.3
f1ee64ef-c266-4c12-ad70-c7b3059a0ef5,2025-06-29 10:06:35,30,남,2200,1,월세,411,0,610,50.2,2900,의료비,원금균등,48,0,0.1841,D,1.0.0,29.88
ef122bd8-c869-48c1-9fd7-c8d063ff3eae,2025-06-29 10:20:53,30,여,5400,2,월세,584,3,3270,55.1,3900,주택구입,원리금균등,48,0,0.3081,C,1.0.0,48.53
e8423812-0707-4351-a862-cdb899a95880,2025-06-29 10:55:32,36,남,3100,4,월세,600,2,2550,83.8,11700,의료비,만기일시,60,0,0.0021,D,1.0.0,76.34
e9594309-35c5-4423-b419-e7478b102d49,2025-06-29 11:30:56,23,여,1200,0,월세,533,1,660,57.7,3900,주택구입,만기일시,48,0,0.0038,D,1.0.0,95.55
6f96f625-8688-43a1-aa96-2dd9fff7f882,2025-06-29 13:42:34,39,남,3600,7,전세,562,3,1830,71.9,8600,주택구입,원금균등,48,0,0.0547,D,1.0.0,74.28
f35103c7-5e77-4915-b33f-c45f38faed5c,2025-06-29 14:24:24,34,남,2900,5,월세,491,1,1350,44.4,4400,교육비,원리금균등,24,0,0.243,D,1.0.0,63.6
ef04f1c0-8498-44d7-ba67-624aae022bf4,2025-06-29 14:47:49,24,남,2300,0,전세,575,1,990,30.5,5000,생활비,원리금균등,48,0,0.1236,D,1.0.0,81.16
27a0d439-bca6-4be0-a7d6-cbf639d8243c,2025-06-29 16:55:06,36,남,4800,1,전세,545,0,2540,32.4,2600,생활비,만기일시,60,1,0.517,B,1.0.0,47.48
1ed9df91-aaa3-49dc-aa30-4620e868f4aa,2025-06-29 17:41:00,23,여,1200,0,전세,482,0,780,38.8,3800,생활비,원리금균등,60,0,0.0154,D,1.0.0,163.44
